CHROMATOGRAM,
Hela10k01.raw,
Data points: 3143,
Time,Intensity
0.0023229,50735.125
0.036408153,5740.806152
0.071007072,5718.1875
0.105605721,7096.631836
0.151222053,9100.945313
0.185820956,7657.381836
0.220420189,8147.291992
0.255019088,6856.545898
0.289618539,9718.28125
0.324217172,10704.88379
0.358816607,7776.351074
0.39341609,9807.787109
0.421986806,16577.61914
0.456597637,9818.133789
0.49119687,10948.47363
0.525795987,10016.41504
0.560395288,10189.86426
0.592427857,13360.33106
0.625963238,11740.39746
0.660559721,9940.387695
0.695158787,10913.53516
0.723686587,20555.90234
0.756399837,12535.11914
0.788756223,13268.03418
0.822820273,11324.83691
0.854965257,12058.43066
0.889554305,11877.9541
0.922072072,12838.125
0.951101004,17090.45313
0.984267306,10938.81348
1.01478542,13399.20215
1.047497288,11873.83691
1.079293123,11858.4082
1.107759455,18215.7207
1.135231387,19445.37891
1.162460855,19246.04883
1.190927537,16437.50586
1.217430956,20166.29297
1.24520982,17621.58008
1.271810356,18251.06445
1.297731637,23003.52148
1.325638138,16171.29199
1.354273255,16365.2959
1.379174303,21146.01563
1.406814706,14291.80176
1.435271437,15388.67578
1.463395956,15319.93262
1.495183388,12327.73828
1.522815537,14663.19531
1.550588138,17513.86328
1.579253188,16515.70508
1.607042987,16516.75391
1.632542355,21959.86914
1.659126774,16067.38672
1.687888721,14747.24121
1.713708189,22365.49023
1.739105121,22539.32813
1.764418089,22848.42969
1.790000553,22850.89648
1.816467257,18294.07227
1.841362106,19724.30859
1.866889571,22835.61133
1.894828804,18402.83398
1.919572587,22744.28516
1.946015238,20850.73438
1.972978655,18386.55664
2.001035721,19434.95117
2.028473706,16758.40625
2.057746906,16343.36719
2.08341759,22988.02344
2.110679204,22854.8418
2.136735371,23393.58789
2.163115473,21781.91211
2.190802657,20437.57422
2.217355453,25477.44141
2.243644956,22371.36328
2.26984014,21368.31836
2.295930254,24097.48633
2.32190467,21232.60156
2.34849197,23271.36133
2.373962771,27600.44141
2.400700755,22861.4668
2.426582673,23966.87891
2.450001938,37213.65234
2.473833954,27912.68555
2.498604174,25531.40234
2.522669787,26949.88086
2.546319587,28982.52148
2.569915787,31639.2207
2.594582422,24198.21289
2.617757256,30891.83594
2.642263356,23837.88672
2.665482071,29348.13281
2.688994105,33406.67578
2.713889705,25840.20508
2.738615222,22975.17188
2.762761103,27280.0332
2.787799974,25511.82422
2.814111053,21037.65234
2.837414987,31304.26367
2.861673573,24842.48828
2.885039623,31358.16992
2.909454488,27903.00391
2.934505156,28661.75391
2.959413973,23680.79297
2.982641255,29422.33008
3.006528707,28659.09766
3.031523839,30186.48438
3.05550022,29280.59375
3.079954604,25591.67773
3.103543007,27283.2168
3.128528988,25080.72656
3.154166471,21283.39453
3.178067973,25325.67969
3.202793021,24563.0332
3.226829989,23198.5957
3.251131105,25626.52734
3.277328804,21803.14648
3.300248638,31723.29688
3.324797788,31896.21289
3.349658989,26271.49023
3.373349638,25718.01758
3.398179022,27880.94922
3.42412089,24908.89453
3.448104456,25171.33594
3.472143506,27098.74023
3.496710423,25431.77734
3.520753005,27477.99805
3.543627488,29450.41016
3.567536755,30060.07031
3.591944237,24962.58984
3.615735621,27838.07813
3.641131555,20702.55664
3.666977572,24779.54492
3.691648256,24193.15039
3.715949121,32099.15039
3.739816589,28009.44141
3.763354305,31831.52344
3.786969021,29568.31836
3.811289171,25486.11133
3.836286206,33256.76172
3.859122772,32510.44141
3.883305104,27873.30859
3.907415973,29367.80469
3.93023314,37368.87891
3.95341519,32785.46875
3.977009455,32256.59766
4.000769773,33671.15234
4.023999154,34993.4375
4.04909979,31713.0293
4.073926607,30283.7793
4.09675097,35452.39844
4.12154469,31786.48438
4.144594005,39059.58203
4.167085722,40196.55859
4.189322006,36664.22656
4.211816704,40360.92188
4.234911723,38548.12109
4.257042022,44443.15625
4.278847555,40522.28906
4.301804423,44099.38672
4.324532905,41497.89453
4.347523387,41145.85938
4.370265873,40912.72266
4.391922255,44892.32422
4.415209805,38903.97656
4.438111304,35883.85156
4.460467588,36682.75391
4.482670072,46385.51563
4.505170706,41636.59375
4.52857532,32811.26172
4.552342203,41143.63281
4.576678089,32271.61133
4.599827821,38887.17188
4.621605256,45447.03125
4.644212889,40068.94531
4.665603923,49664.6875
4.687223605,44933.82813
4.70918314,43173.57813
4.731312723,43419.05469
4.752662956,47508.54297
4.774596488,44466.91797
4.796372421,47905.46094
4.818817706,33751.6875
4.84032752,47097.98047
4.862103072,44141.125
4.883933738,47559.83203
4.906728871,37718.30469
4.928374639,41787.89844
4.950038822,40954.52344
4.972473203,42656.54297
4.994345505,41487.24219
5.016786539,38961.55078
5.038862104,37476.61719
5.05980364,46099.95703
5.081078306,56560.58203
5.10278472,39484.5
5.124208203,43123.99219
5.146031423,41494.44141
5.178702771,38596.86328
5.20037767,49760.86328
5.222412772,40953.17578
5.244609804,34678
5.267051422,38667.77734
5.289350723,43401.05859
5.311830337,42846.23047
5.334077671,39453.23047
5.356340837,34145.30078
5.378221706,37672.38672
5.399801937,39610.1875
5.421587137,36588.40625
5.443094054,37976.15234
5.465827989,38032.77344
5.487145256,38201.72266
5.508830439,35880.45703
5.530765104,38200.40625
5.552588673,42794.85547
5.574076123,38514.44531
5.596188974,40292.60938
5.617886022,42151.02734
5.639872757,44653.47266
5.661506672,42887.66016
5.683408554,42568.42969
5.70560644,42189.40234
5.728119337,43797.02734
5.749688338,47349.67578
5.771640622,48348.17188
5.793559237,43470.74219
5.816030573,40720.98438
5.837566621,48487.33984
5.859394256,45601.8125
5.88120737,48919.52734
5.90227272,47142.89844
5.923809305,44632.63672
5.945324607,46007.73047
5.967975604,49962.09766
5.989562674,51526.67969
6.011235638,53059.42578
6.033092856,46312.55859
6.055280589,47451.69531
6.087213039,51534.33203
6.108391471,51387.24219
6.12994242,49920.01563
6.152388457,44489.70703
6.173476155,56051.76172
6.194920654,54210.35938
6.21647944,53231.17188
6.238012106,50564.5625
6.260403223,59111.625
6.28172932,46652.75781
6.303384788,52369.57031
6.324953639,55530.92578
6.345808557,49445.60938
6.36681464,54522.64453
6.399319871,50552.91406
6.420473356,53027.0625
6.442153457,49807.96094
6.463782938,53908.51953
6.484372921,54556.60547
6.505342622,62474.53125
6.526425623,59188.59375
6.548055807,49494.125
6.569513356,57406.46484
6.590304004,52268.45703
6.61193842,54554.39844
6.63380204,54186.48438
6.655041221,56219.03516
6.676466973,57553.17578
6.709052538,57339.12891
6.730549422,54344.44922
6.751544737,59564.34766
6.77246474,62288.71484
6.793269622,61715.35547
6.814271922,60272.03125
6.835447557,52843.39063
6.856285222,58547.23828
6.877316788,61118.32031
6.89807794,56344.39063
6.91868809,53309.625
6.939768238,58702.05078
6.961148754,54223.03906
6.982755287,50802.26953
7.015153423,54411.57031
7.036283989,50827.05469
7.056813553,56648.61328
7.07796322,55131.60938
7.099350122,56192.00781
7.12026534,55253.50391
7.141506472,50764.08203
7.162946788,54438.13672
7.184423772,68645.65625
7.204825154,54380.92969
7.225641989,65550.04688
7.246877304,65279.64063
7.267496804,57368.83594
7.288203839,52094.98438
7.32017794,63616.35156
7.341090023,61526.26172
7.362691406,66989.3125
7.383562238,56049.39844
7.405381854,59905.75
7.426205503,55037.28906
7.447667606,52452.58203
7.468753337,56513.01953
7.490317805,57781.51172
7.511904839,57889.74609
7.533182954,52543.01953
7.554674307,56382.98047
7.575475907,59264.1875
7.596306073,55992.48047
7.628202656,64006.07813
7.64862709,64536.03906
7.669214737,58808.47656
7.689762989,60778.63672
7.709903057,64570.61328
7.731177389,53662.29297
7.752522321,60977.52734
7.773373055,74542.16406
7.793912621,61360.03125
7.814400104,72603.20313
7.834758654,66692.46875
7.855161754,66527.33594
7.875403606,69644.82813
7.895787123,66600.07813
7.927351172,68027.50781
7.948016337,60700.73047
7.967940322,77110.32813
7.988132389,84433.53906
8.008539354,81865.53906
8.029309105,69599.39844
8.049985571,67101.72656
8.070646138,70353.74219
8.090903854,74430.11719
8.111309838,82923.35156
8.13175799,79896.78125
8.152241404,90732.03125
8.172960289,73020.04688
8.193406704,82445.76563
8.224009088,67387.92188
8.244124424,68992.25781
8.264116422,82845.10156
8.284098505,77533.46094
8.304058305,70964.6875
8.324128253,88566.40625
8.344672624,76877.49219
8.364776539,61669.55859
8.385056288,72569.57813
8.405413607,79789.5
8.426098938,65835.10938
8.44617559,78101.36719
8.466197903,86169.67188
8.486347639,87605.32031
8.517309538,77591.53906
8.537517638,74821.59375
8.55762087,79705.4375
8.577998423,88798.32031
8.598307656,71064.4375
8.622865505,64989.15625
8.650094906,30188.43945
8.677183905,24510.3457
8.707066273,22407.59766
8.736083507,21862.95898
8.76550637,18470.74414
8.792898754,19747.57617
8.823821421,19424.08594
8.854278603,17557.73242
8.883291987,19907.28125
8.910500438,19473.51563
8.938864489,19456.99414
8.968203039,17764.14648
8.999108171,16087.69434
9.027409489,18812.03125
9.05685317,17687.95117
9.087083406,16011.83691
9.115684389,19061.05664
9.146760956,15339.53418
9.176889653,16951.01563
9.205509706,18021.80859
9.233355239,21476.96094
9.263760371,17362.49414
9.292752607,17166.50391
9.31965984,19549.35352
9.34902724,15744.69238
9.379624155,17993.10547
9.409777772,15184.97754
9.43739109,19426.81445
9.467814238,16373.09668
9.497509737,17289.55664
9.527470489,17389.27539
9.55548187,17183.23047
9.584580937,16535.93164
9.61422164,16968.875
9.643413122,16686.76172
9.67716399,15889.99219
9.708913572,16353.80859
9.73855979,17280.75195
9.768459506,16313.19336
9.796764274,17889.68555
9.825421837,18410.49414
9.851894406,18187.72656
9.882639439,15964.15137
9.909328806,18868.10547
9.939288639,18431.84961
9.970180288,16601.61914
9.996268856,18971.83984
10.02689277,17219.24609
10.05531672,17991.28906
10.08592662,17898.56836
10.11261365,18696.69141
10.14259517,17620.23242
10.17246077,16601.76172
10.20256564,16978.29102
10.23181784,18181.54883
10.2664142,14678.06152
10.2999975,14836.13574
10.32983844,18969.08789
10.36442862,13884.12793
10.39657592,17192.74414
10.43117707,16056.15527
10.46302576,17712.91211
10.49227719,15447.29785
10.51985675,21193.48828
10.54363182,23691.23047
10.56572414,22312.49219
10.58740009,21925.19336
10.60848155,24160.05859
10.62873716,29580.01563
10.64973867,27034.5625
10.6704096,44850.08594
10.69107706,25848.58984
10.71187667,32144.44727
10.73290224,28419.27148
10.75374034,26813.32813
10.77489839,29155.54688
10.79606036,33562.70703
10.81733375,31252.04688
10.83856501,35864.74609
10.86004132,42062
10.88121727,43406.49219
10.90278482,39847.80078
10.92403722,52935.37109
10.94581434,46328.59766
10.96765524,49203.64063
10.98896907,47743.625
11.02123804,57793.24609
11.04306209,50205.47266
11.06471807,57460.44141
11.08670001,55620.16016
11.10817599,66892.73438
11.13019946,64210.17188
11.15202461,59418.85156
11.1741086,68868.11719
11.19613796,60545.71875
11.21801732,75218.01563
11.23950086,66546.32031
11.26117902,76399.38281
11.2822901,76710.90625
11.31342104,85027.48438
11.33510781,78915.03906
11.35712817,77378.10938
11.37870259,78387.94531
11.40020765,83345.63281
11.42170539,78444.94531
11.44342966,75795.42969
11.4650213,76076.46094
11.48657461,87815.58594
11.50845782,93028.35938
11.53026959,85793.00781
11.55189314,83989.17188
11.57392877,82519.875
11.59576726,83587.10156
11.62689557,96291.09375
11.64841901,98474.28125
11.66983672,91457.64063
11.69119031,84387.5625
11.71247502,80517.25781
11.73400559,88801.64844
11.7560334,85180.59375
11.77712132,95033.53906
11.79890037,87089.26563
11.82059134,84900.9375
11.84189181,84284.95313
11.86365257,95673.44531
11.88578357,79867.17969
11.90770611,88945.4375
11.93873797,89696.47656
11.96037381,93038.45313
11.98200612,86887.13281
12.0032418,92410.35156
12.02548209,90524.55469
12.04703036,84483.25
12.06858795,79104.07031
12.09074021,81182.59375
12.1131035,86894.82031
12.13465987,98302.89063
12.15587014,88253.82813
12.17709622,119505.0234
12.19882141,91843.59375
12.22018524,94381.51563
12.25141882,90843.32813
12.27287402,84095.35938
12.29485382,85164.51563
12.31694297,83149.44531
12.33892796,94779.07031
12.36119724,85467.3125
12.38326164,87725.13281
12.40549852,85024.71875
12.42769637,82478.47656
12.44995932,79029.92969
12.47179046,85644.92188
12.49371222,83561.03906
12.51555111,79110.40625
12.54715474,74497.55469
12.56927784,77447.78906
12.5912563,71127.03906
12.61359506,72459.89063
12.63572475,68959.39844
12.65758617,74729.10938
12.6794444,74058.39844
12.70200192,66454.625
12.72450886,59745.05859
12.74687219,64370.42188
12.76953477,68235.66406
12.79133207,59311.8125
12.81363532,61053.77344
12.84663289,58316.00781
12.86892107,62195.17578
12.89161092,50066.69922
12.91406211,50766.54297
12.93648446,53831.25781
12.95935637,47422.54688
12.98207744,43427.91016
13.00464724,41238.57031
13.03613637,17805.58203
13.06403522,22271.39844
13.09646844,19158.4668
13.12423814,30287.44922
13.14914792,30485.24219
13.17263325,30233.76172
13.19523707,32177.62109
13.21776905,31342.7793
13.24076599,31214.60352
13.26313652,28096.39844
13.28548889,69294.83594
13.30777516,31434.01172
13.33029156,29047.57422
13.35220759,26734.56641
13.37459909,24719.04688
13.39729021,22406.55273
13.41973837,27426.81445
13.44277426,27657.45703
13.46561402,20443.81836
13.48831512,25885.64063
13.51140941,23253.37695
13.53434145,23714.89844
13.55731771,21641.58008
13.58062876,22822.02148
13.60371812,22391.5625
13.62619086,21000.28516
13.64919531,18074.61719
13.67146374,29170.3125
13.69351374,29394.45117
13.71587872,28907.5918
13.73889349,20029.40039
13.76195004,16654.67969
13.78521052,17559.39844
13.80863155,16063.4375
13.83119057,15275.1543
13.85429736,17747.75586
13.87805511,13917.00684
13.90118077,16807.67773
13.92423647,19244.88867
13.94707986,15235.33984
13.97077217,14974.11523
13.99399447,13331.05469
14.01693559,16600.76953
14.03972679,14557.78516
14.06274426,12716.65039
14.08689831,16103.80762
14.11050306,13408.88379
14.13389944,15958.1377
14.15714877,22986.73438
14.18013074,15583.12793
14.20398197,14516.875
14.22791829,13206.31934
14.25077335,13728.37891
14.27350409,14451.37109
14.29623884,27000.34766
14.31985571,16177.19531
14.34261095,19786.65234
14.36526356,28980.21875
14.39596142,30635.73242
14.43054867,34217.77734
14.46106621,41769.9375
14.48998752,40714.93359
14.52153377,34086.99609
14.55539557,24988.54883
14.58999544,20157.49023
14.61521724,19185.55078
14.64049882,21606.24414
14.66408362,15274.17481
14.68871299,12025.57715
14.72330882,8736.500977
14.75548234,8565.788086
14.78344637,9477.240234
14.81060506,8455.969727
14.83478359,9313.339844
14.86213927,8183.603516
14.88733445,8147.263672
14.91126806,8418.466797
14.93448816,8337.874023
14.95795384,7154.285156
14.98052071,9000.158203
15.00304399,9713.723633
15.02487082,11164.29492
15.04775364,8250.578125
15.06984405,10262.14941
15.09195652,10730.53125
15.11491509,9774.853516
15.13833202,9753.171875
15.16150729,9409.507813
15.18391246,11080.13379
15.20751837,10018.23535
15.23114402,12257.50488
15.25434602,13268.4502
15.27743194,9854.542969
15.30187631,9437.236328
15.32549206,8817.942383
15.34950341,7774.626465
15.37291927,8223.230469
15.39607129,15911.38477
15.41978197,8162.50293
15.44299866,9807.741211
15.46590772,10919.37109
15.48885879,13110.69238
15.51157244,18404.30664
15.53420789,32170.83008
15.557096,37916.23047
15.57979634,56025.78125
15.60189182,71038.29688
15.62336177,109994.125
15.64439924,131179.3438
15.67362289,183343.0313
15.69468849,175667.5938
15.71560324,161254.8281
15.73672177,144112.9063
15.75858599,112752.8203
15.78066421,89276.46094
15.80383321,56491.03125
15.82675757,60825.69141
15.84916481,44324.91406
15.87260302,36810.41016
15.89622896,30125.13867
15.92007921,33596.80469
15.94418774,24320.66406
15.96788297,26605.41602
15.99098697,25173.10938
16.0145738,23922.31836
16.03812811,21952.90625
16.06190587,21374.71289
16.08559446,20967.98242
16.1091193,17416.29102
16.13268049,23650.44141
16.15589694,18533.21289
16.17946019,16753.72852
16.20275706,18129.18555
16.22558114,19903.97852
16.24949654,24685.6543
16.27285527,19490.07227
16.29642087,21201.68945
16.31960282,18329.70508
16.34270556,24055.76172
16.36530732,21617.50195
16.38835576,23644.24414
16.4117281,25077.5625
16.43504126,24566.87891
16.45866725,27640.90039
16.48156714,28459.23242
16.50467069,26700.42773
16.52786697,33260.82031
16.55185141,30097.72266
16.57508284,31615.26367
16.59807232,32697.10352
16.62097687,39222.17188
16.64441444,36314.07422
16.66750109,37591.35547
16.69044559,42022.74609
16.71363449,46510.12891
16.73698536,50081.71875
16.76004159,57545.11328
16.78228092,53443.82813
16.80515745,59791.125
16.83831929,58115.93359
16.86116164,53932.21875
16.884191,55001.91797
16.90713154,51311.38672
16.93023186,52754.64453
16.95273099,59333.38672
16.97575511,55055.72266
16.99904946,68424.64844
17.02191472,55033.82031
17.04484986,57775.13672
17.06738586,55597.90625
17.09044746,60545.37891
17.11357584,50698.26563
17.14699382,49406.90625
17.16993569,50077.44141
17.19260025,51112.54297
17.21546674,49953.84766
17.23828267,51640.20313
17.26109004,51932.07813
17.28414032,54312.67578
17.30725277,54939.17188
17.32964356,53923.24219
17.35244172,61954.32813
17.37575069,63171.69531
17.39845124,63872.07031
17.42121841,59235.96484
17.45507882,47771.27344
17.47867616,52808.08203
17.50176437,56870.43359
17.5252279,51894.72656
17.54832127,50848.89453
17.57129652,52232.98828
17.59443714,56686.26953
17.61731069,54441.37891
17.64067169,49539.76563
17.66419444,49710.16016
17.68668839,52953.52344
17.70948694,46545.44922
17.73253671,53318.69531
17.75534567,43466.92578
17.78847604,44656
17.81220477,41037.80859
17.83565722,39612.40625
17.85924385,40800.49219
17.88347352,33801.48828
17.90699332,35919.79688
17.93078269,34850.07422
17.95403332,39254.85547
17.97710349,32160.60352
18.0004431,33216.16016
18.02358806,34244.23438
18.04756982,33363.53906
18.07148962,28661.63477
18.09489117,32434.7168
18.11779336,34659.53906
18.14111005,29592.26172
18.16437666,29651.14648
18.18701004,35663.71484
18.2099014,30500.6582
18.23330654,27641.83984
18.25737747,28166.32813
18.28082197,28899.21094
18.30438129,26581.21094
18.32740564,28761.47266
18.35065044,26187.22852
18.37391006,24027.13281
18.39679236,23858.25586
18.42027076,30227.21289
18.44400456,22116.62891
18.467744,26247.27148
18.49188747,28061.35547
18.51575476,23305.74805
18.53991192,22626.5
18.56365944,22434.01367
18.58749984,21425.3125
18.61125404,21725.78516
18.63437834,24004.26172
18.65764731,23684.12891
18.68102832,20505.86719
18.70489927,21995.85547
18.72759824,22681.92188
18.75067684,17927.57031
18.77435284,19958.50195
18.79818472,22908.97656
18.82214542,19034.22266
18.84519012,19132.98242
18.86794437,24280.5625
18.89133554,22816.1543
18.91476117,19146.0625
18.93779766,20288.66406
18.96082999,18917.96094
18.98438722,19409.64844
19.00789294,15771.15527
19.03126094,16352.38965
19.05505494,16490.38477
19.07862676,17835.41406
19.10193694,119249.3359
19.12332177,489740.8125
19.14458022,617841.0625
19.16592882,523571.5
19.19564219,324064.625
19.21666214,209328.1406
19.23819864,121175.4063
19.25963737,80702.99219
19.28107019,90007.10156
19.31373264,81853.52344
19.34850994,75671.15625
19.37073196,61298.07031
19.3937456,50435.61328
19.41630022,37657.55859
19.44945139,34545.66406
19.47194147,21112.8125
19.49536624,45737.89453
19.51782602,56785.19141
19.54011915,52992.36328
19.56155972,33511.57422
19.5840783,25828.80664
19.61701906,128601.3047
19.63845587,209609.0156
19.66000642,188397.2813
19.68127082,162785.7188
19.71367276,102687.2031
19.73432502,66016.57031
19.75603239,50268.31641
19.77788776,38365.60938
19.79952682,39276.38281
19.82186922,25962.66211
19.85470552,38701.61719
19.87686681,40236.29688
19.89894702,30512.34961
19.92064331,32057.42969
19.94247794,46891.90625
19.96376171,52688.17188
19.98512672,75147.75781
20.00599899,79203.07813
20.02724259,65644.00781
20.05920076,66738.24219
20.10182536,58013.05859
20.12222422,58854.49609
20.14300574,47134.42578
20.16389335,40425.14453
20.1844069,53650.76563
20.21584382,76505.53906
20.24921532,133892.5938
20.26868469,172559.375
20.2874999,358187.25
20.30615057,744102.875
20.32463961,1043142.25
20.35399262,1991092.625
20.41362285,5485338.5
20.47373247,54492324
20.53588953,169926176
20.59387273,136646352
20.6535545,92770240
20.7134696,54537268
20.77559128,46658984
20.83471772,37356268
20.89448748,21250966
20.9551937,13735987
21.01354547,8377035.5
21.07358028,4646732
21.13361278,4174485.75
21.19371775,3572398
21.2538141,2983806.25
21.31384725,13591062
21.37189347,20050206
21.43227592,10877027
21.49447082,7251354.5
21.55498765,3920773.75
21.61394065,1871879.25
21.67594347,1988198.75
21.73476992,1885972.625
21.79661657,1183370.125
21.85675373,515144.0938
21.91602602,388938.9063
21.97637902,524908.6875
22.03666328,1413169.875
22.0980808,469160.8125
22.1579778,238453.0156
22.21833072,720616.6875
22.27975833,1065061
22.33877597,405339.0313
22.39927183,199787.0469
22.42417831,167178.0469
22.48570697,102072.25
22.53979168,79442.85938
22.57161463,224688.1875
22.60340865,702481.5
22.62178987,1120840.125
22.63997573,1492343.25
22.65820361,1702752
22.67635808,2078846.5
22.71665757,1204558
22.75731725,593648.375
22.78907857,335162.7188
22.81402707,252896.8125
22.83891905,123570.0625
22.87040335,99381.50781
22.90427392,82684.09375
22.93151208,157525.7969
22.96327925,285373.75
23.00367672,1638997.75
23.05044171,6972227.5
23.11261227,12567776
23.17256988,8288820
23.23064108,5030432
23.28907183,2725879.5
23.35124772,1314232.375
23.41249558,714953.3125
23.47262843,442476.0313
23.53278178,607854.8125
23.5863267,1150499.875
23.6397309,6762951.5
23.69965192,12310815
23.75956613,8472210
23.81952143,2910190.75
23.88173203,267742.7813
23.94432398,204155.4844
23.96911715,295258.8125
23.99389378,506497.7813
24.02087163,714262.1875
24.05884962,804075.25
24.09670567,931742.6875
24.1568217,1035660.75
24.21911017,424961.2813
24.28121917,110976.1328
24.32841167,50765.17578
24.34674415,49110.29297
24.36500835,19619.77344
24.38365898,34174.48828
24.4019493,32147.7793
24.42028538,22193.79492
24.43870998,30250.25977
24.457039,27514.48242
24.47545422,36670.73438
24.49370968,51586.13672
24.51196505,58151.80078
24.5301134,105095.6953
24.54812572,102211.125
24.57483693,340863.7188
24.60605017,725324.0625
24.65280782,1410476.875
24.71339423,1834303.125
24.77527415,1446973.125
24.83597138,538728.8125
24.88959407,105985.0703
24.92793135,240778.8125
24.95245907,459854.0938
25.01259808,1385288.75
25.07222312,1892585.5
25.13111325,1516792.875
25.1904553,1516155.25
25.24859587,1179527
25.30667582,784884.25
25.36663978,835732.0625
25.4265804,1519702.125
25.48647623,1370133.75
25.54721755,1339131.875
25.60712898,1439901.375
25.66515873,1816823.25
25.72512748,997777.0625
25.78488558,328995.3438
25.84459957,1083709.5
25.87569943,1205684.375
25.93500505,1012699.188
25.99475466,921421.375
26.05301557,1017109.563
26.11204927,1121789.875
26.17441055,791155.0625
26.23396358,427475.5625
26.29626352,734678.0625
26.35631597,715631.1875
26.41641882,557818.1875
26.47678117,456441.25
26.53683465,936429
26.59584882,1157486.5
26.65393475,1698422.5
26.71387837,2781382
26.77378175,2684455.5
26.83172208,2349300
26.89161762,4122365.75
26.94988991,8015513
27.00788922,29288658
27.06781525,138218720
27.12603552,225754400
27.18412398,178420576
27.24204332,308537408
27.30009327,315658336
27.35904307,270395712
27.41788897,97204480
27.47698937,24929706
27.53536367,4545488
27.59537258,1128924.125
27.65396527,2641056
27.71392997,2523603
27.77372613,1798220.5
27.83412555,791197.8125
27.89309443,677801.75
27.95174122,682995.5
28.01169657,869559.1875
28.06999187,1469496.125
28.12816563,1244495.5
28.18808817,1267430
28.2470957,1333011
28.3059342,2247777.75
28.3658106,3828280.75
28.42381015,4477045
28.48459123,4697316
28.54265091,7483821
28.6020938,11597704
28.66202442,22881584
28.72141785,47670744
28.7806952,56801084
28.83974582,44346520
28.89907323,33493358
28.95712535,17126630
29.01701372,8364886.5
29.07630445,3810129.25
29.13572198,2272595
29.19576527,1619593.125
29.2580425,1146011.875
29.31985647,1045804.813
29.38210047,1112221.875
29.44355875,943445.4375
29.5024576,976438.25
29.56246632,1026167.313
29.62476693,1035135.063
29.6866153,1804219.5
29.7474702,2667907.5
29.80756902,2439867
29.8698441,2640420.25
29.92977205,3037703
29.98776143,5421215
30.04991196,6409435
30.1098419,6629918.5
30.16780487,7422689
30.22570903,5940427
30.28560745,4856955
30.34548028,4463254.5
30.40405372,2814501.5
30.4640135,3508081
30.52394653,2276553.75
30.58468916,2296289.25
30.64275773,1701401.875
30.70212435,1201011.25
30.76042093,1124988.5
30.82261521,865678.4375
30.88467377,629968.6875
30.9447397,711695.25
31.00701235,502442.8125
31.06718707,452278.6563
31.12954023,355967.3438
31.19073228,374486.75
31.25095038,225333.1094
31.29804985,266833.0313
31.32962782,221479.7813
31.34772472,306204.75
31.36579938,313799.3125
31.3839104,462755.4063
31.40206333,507260.0313
31.4482541,957362
31.48625748,1105148.5
31.51751673,1211210
31.5639898,930804.25
31.61077145,1130781.125
31.67075777,968337.0625
31.73306093,554236.3125
31.79559097,228089.7031
31.83391183,139669.7813
31.85239832,182243.3906
31.87057123,139067.6563
31.8888714,138833.2813
31.90717146,130420.9766
31.94137629,90143.50781
31.96668292,118965.2109
31.98489108,94246.57813
32.00330105,95880.57031
32.02177753,147644.8438
32.06229972,91675.625
32.1187963,190394.0938
32.14380852,261063.7188
32.16202818,260874.5625
32.1802294,309114.8125
32.19847423,280242.8125
32.21665715,344901.3438
32.25730516,95750.89063
32.2826202,249018.0469
32.3006941,105834
32.31922816,119358.9297
32.33755147,78097.25781
32.37217702,61421.03516
32.39749738,103767.2734
32.42316189,71222.92969
32.45515363,122558.3906
32.47375417,139898.1719
32.49240507,178963.7344
32.51105087,136929.4063
32.54107739,126739.2734
32.55972758,148343.2656
32.57818208,149091.3906
32.59714951,79867.46094
32.62469297,104844.5078
32.64334348,97661.28906
32.66221334,73394.96875
32.6808638,71738.46875
32.69948542,79085.08594
32.72993752,63022.17578
32.74858777,83459.98438
32.76726364,67380.52344
32.78591375,121391.5703
32.80415912,82391.47656
32.83116064,105978.3047
32.8498111,170969.5938
32.86826068,221439.4688
32.886802,306676.125
32.91625815,441348.5
32.9347573,393888.0313
32.95334127,481201.5938
32.97180723,577028.9375
33.00587711,388189.9063
33.03119282,465368.5625
33.04966248,496241.5938
33.06803524,338379.8125
33.08681547,223250.5625
33.11672612,153908.5156
33.14218872,105700.8516
33.16083945,106518.9922
33.18606251,62159.94531
33.20471285,81990.98438
33.22327925,105793.0078
33.24199541,72485.20313
33.26064608,97623.91406
33.27937496,55729.26563
33.29804734,73133.65625
33.31669751,117810.5703
33.34661051,60812
33.36526085,99153.99219
33.38381822,88514.57813
33.40256432,66009.01563
33.42121458,92641.92969
33.4503382,48350.31641
33.46898907,109032.3047
33.48765179,90648.92188
33.50659737,75589.04688
33.52524768,102195.2734
33.54414222,72533.78125
33.56295102,92418.42969
33.58188887,89119.29688
33.61297334,75453.22656
33.63170681,166970.1875
33.65053372,219375.9063
33.66929295,255980.7344
33.68849267,207378.5938
33.71957424,163203.0313
33.74488138,299881.75
33.76401431,204161.0938
33.78302567,215725.5781
33.80173171,232591.9688
33.82123172,139230.7656
33.84003481,165799.7188
33.85886907,147806.0625
33.88969146,90481.16406
33.91519882,133631.2813
33.93407536,112972.9844
33.95314056,115667.9375
33.97179093,151037.9375
34.00271454,75102.5625
34.03518444,59643.83203
34.05420541,50410.89844
34.07321062,55751.53516
34.09238896,42611.32813
34.11214847,26851.40625
34.13090039,70580.59375
34.14994552,44768.98047
34.16876394,54341.14063
34.18807202,43459.81641
34.21995085,29980.55859
34.23881254,64146.5625
34.25779889,45753.53516
34.27646357,84087.11719
34.29559879,40789.63281
34.32622195,33233.01953
34.34501172,60771.25391
34.36383231,60810.30078
34.38248297,72831.57813
34.40121557,93493.52344
34.43102132,108208.2578
34.45632738,169586.4531
34.474781,226015.5625
34.493117,280493.625
34.51138647,364034.1875
34.53837448,593564.625
34.59217362,771445.375
34.63010271,1072752.375
34.68276246,1133394.625
34.74216363,1208067.75
34.80445763,849513.6875
34.86515353,656302.1875
34.89643555,477373.125
34.92779905,336608.6563
34.95262103,195260.4063
34.97099393,151535.8906
34.98947591,121841.625
35.00796977,129029.8672
35.02662347,80822.09375
35.04540844,76732.875
35.06409354,49172.12109
35.08303109,60858.64063
35.10190754,46247.82422
35.12135102,26988.92773
35.1400616,46636.12891
35.16002587,30357.68555
35.17867635,40627.05078
35.19820425,21226.89648
35.21688024,47711.98438
35.23641387,37569.59766
35.25538977,36181.70313
35.27486872,28243.00781
35.29351928,40709.39063
35.31299827,31069.29883
35.33190204,27626.10156
35.35179441,28482.43945
35.37078627,30466.5293
35.38996587,31381.7832
35.40902406,29935.28711
35.42814789,31466.52734
35.44714886,28341.74219
35.46702107,27443.19727
35.4859778,33376.21094
35.50639786,21323.17383
35.52563369,34320.24219
35.54503007,27425.46289
35.56470334,26759.19531
35.58400199,27487.94531
35.60366892,27898.12891
35.62278642,45022.45313
35.64224277,33770.17578
35.66146115,43566.28125
35.68057556,39420.92969
35.70028562,34213.57813
35.71934234,50666.03516
35.73958237,20641.62891
35.75876491,39751.73047
35.77828229,30502.57031
35.81115747,14508.87793
35.83064897,29764.06055
35.84976079,62367.95703
35.86996719,22473.2168
35.88954937,40405.48047
35.90945174,29779.95508
35.94288517,13280.19727
35.96194914,64329.22266
35.98238602,26070.65234
36.00191127,65153.43359
36.02193424,50245.29688
36.05439331,31169.14648
36.07371094,170429.3906
36.09289127,177359.75
36.11257609,140267.6875
36.13205751,192363.4844
36.15146457,185323.25
36.18331002,38601.39063
36.20244226,247792.6406
36.22208464,126886.7656
36.24132054,176955.7344
36.26064099,158924.0469
36.28050352,62959.67578
36.30033667,69907.60938
36.31954829,89481.92969
36.33917195,57694.17578
36.35877849,40433.62109
36.37834177,45890.76563
36.40992225,24764.41016
36.42936662,47169.23828
36.44919222,41001.28516
36.4686491,58380.0625
36.48810766,55581.82422
36.50796189,40261.16406
36.52782324,50217.07422
36.55912309,39654.92969
36.57891454,60976.88281
36.5980756,95842.39844
36.61740444,102708.5469
36.63698349,94201.46875
36.67090284,38195.78516
36.69097982,69456.17188
36.71112447,70265
36.73090676,63146.91016
36.75148029,46554.78125
36.77069044,84944.16406
36.79117249,32109.41797
36.81167904,22747.125
36.83232682,19358.94531
36.85248665,17357.98242
36.87301929,18859.65039
36.8936673,18237.8125
36.91409585,19113.32813
36.93444597,17313.92578
36.95451687,26937.10352
36.97518049,38277.05859
36.99573184,41146.26953
37.01616961,62099.16797
37.03604526,107772.1094
37.05570899,156679.0469
37.07541302,205107.3906
37.10693475,223646.0313
37.13314606,418841.5938
37.15229922,562934.375
37.17140227,652534.75
37.19026289,812399.875
37.20945339,807333.6875
37.22824094,991888.3125
37.24703312,1016317.063
37.27562481,1035452.063
37.29452046,882420.8125
37.31331019,861318.0625
37.33215754,784732.5625
37.35150679,540282.9375
37.37046752,561484.0625
37.39907064,366035.125
37.42560244,196592.9531
37.44491086,198518.1406
37.46527854,95835.57031
37.48480961,88923.33594
37.50455286,53431.24219
37.52471564,27905.20703
37.54539079,20746.40039
37.56607162,19686.06055
37.58735207,13126.08301
37.60876437,17062.58008
37.62989376,20729.74805
37.65080972,20953.90625
37.67389702,13177.62988
37.69426694,39993.57422
37.71575492,34335.35938
37.73667221,38920.82031
37.75830071,31229.98633
37.77870641,52023.96484
37.80031742,32152.81836
37.82164464,39304.74219
37.84316751,41616.20313
37.87914516,14273.62598
37.89996037,49209.66016
37.92156421,30241.51563
37.94209529,41952.53516
37.96293621,27401.41992
37.9844202,20085.26172
38.00578829,16613.01367
38.02626597,27174.85156
38.04750559,13044.93262
38.06846514,15719.79883
38.09009335,13474.67383
38.11260635,12155.30371
38.13370511,19314.27148
38.15563176,16040.08887
38.17642189,21130.07422
38.19790126,28139.38477
38.21882344,26511.25195
38.23997002,29339.67383
38.26131386,25052.16211
38.28268249,23987.45117
38.30458656,24178.33594
38.32548346,16231.19043
38.34728264,15575.78906
38.36854157,16872.9707
38.39061707,14277.9707
38.41217054,12743.3418
38.43360867,13819.83887
38.45491064,15872.48145
38.47600114,14388.93555
38.4984006,10294.89844
38.51933566,19650.94531
38.54037054,16247.19531
38.56297257,10678.23535
38.58450425,11902.02539
38.60610377,13887.53418
38.62732929,12999.11816
38.64938932,11551.66699
38.67240072,13719.0459
38.69423017,13122.86328
38.71600031,12392.00977
38.73708889,20843.48828
38.75889155,18044.55078
38.78132464,16169.79492
38.80369859,18293.53906
38.82469917,39266.14063
38.84670616,26730.98047
38.87064309,21006.23438
38.89256942,26519.10938
38.9142391,28019.27734
38.9365266,24573.39844
38.95857647,28679.6582
38.98011066,23960.95508
39.00132436,25348.54688
39.02353807,13897.79688
39.04594527,11508.37109
39.0685498,9776.568359
39.09165574,7230.230957
39.11529376,9600.295898
39.14040454,8686.058594
39.16335684,9594.960938
39.18599352,8856.962891
39.21031126,9440.003906
39.23305402,8170.462402
39.25666571,10358.33496
39.27964139,7493.182617
39.30293996,10327.01953
39.32581099,8564.194336
39.35056387,8845.643555
39.37517281,7923.065918
39.40083005,8063.504395
39.42517395,10792.30566
39.44904569,8705.422852
39.47349357,9226.573242
39.49670714,15100.73242
39.51912941,16633.0957
39.54313082,12017.44824
39.56542879,17267.25391
39.58810319,14329.0332
39.61122901,11326.14356
39.63363132,14300.08301
39.65499894,18937.35742
39.67702117,15013.06934
39.69985169,14625.5752
39.72253691,12326.7334
39.74605972,9181.685547
39.76908717,11184.70801
39.79201634,11358.91309
39.81468236,16897.4082
39.83802892,17291.78125
39.86284322,15482.2168
39.88624676,25832.95313
39.91145717,21715.57422
39.93432691,37720.96094
39.95911489,26752.25586
39.98256682,36373.27734
40.00678229,28172.38477
40.03266265,21151.8418
40.05691107,21047.55859
40.08049512,24907.72266
40.10396616,17819.41016
40.12998306,10081.76758
40.15412364,17498.87891
40.17793149,14955.48828
40.20135832,17903.53906
40.22452032,16138.0752
40.24743952,15467.28027
40.27019344,10357.90527
40.29639799,7588.078613
40.32084594,6861.6875
40.34536217,9138.610352
40.37007319,6414.300293
40.39477964,7606.323242
40.41853557,7588.509277
40.44182167,11201.6543
40.46703505,7222.594727
40.49230091,6672.596191
40.51881064,7275.01416
40.54206057,12674.10352
40.56635242,10761.05469
40.59037586,15720.32129
40.61398067,19444.23242
40.63673044,21247.5918
40.65928061,22114.39648
40.68128629,28131.14844
40.70307449,25788.77344
40.72474136,28755.4043
40.74609386,28226.05664
40.76762252,18431.02344
40.78897004,19325.60547
40.81005892,22361.39453
40.83109337,28089.0625
40.85287312,18094.57031
40.87416247,22403.31445
40.89560641,26656.4668
40.91652482,25430.6582
40.93783497,27851.44727
40.95912466,25411.46289
40.9800408,22909.16406
41.0017578,20336.08594
41.02328249,14961.21777
41.04582729,11258.17676
41.06804541,15431.43945
41.09001104,19463.02344
41.11176325,32557.61914
41.13414182,39392.73828
41.15700091,45485.51563
41.18009185,47116.73438
41.20247745,69491.21094
41.22430969,106569.2578
41.24635867,114297.6094
41.26911204,108614.5469
41.30698512,64020.24609
41.32858487,219512.125
41.35091954,183584.25
41.37330737,165637.2656
41.39714539,129691.5859
41.41959917,183002.5313
41.44201802,181221.2656
41.46432169,175396.5313
41.48785766,126598.2891
41.51158104,105568.7031
41.53440702,114772.8906
41.55699599,101828.1094
41.58067932,69639.5625
41.6195778,53879.89063
41.64867036,181479.9531
41.67130862,190859.5313
41.69457477,207646.0469
41.7180208,231335.9688
41.74024086,312179.75
41.7631041,284298.5313
41.78589459,289379.2188
41.80881911,266959.375
41.83127569,296117.7813
41.85508339,197595.8906
41.87774039,236972.8438
41.90167984,156463.0313
41.92577652,131346.7656
41.96485759,39179.625
41.98798851,78607.17969
42.01552534,26282.63672
42.04174902,21135.63086
42.06799581,14828.32715
42.09376074,12992.49805
42.11823806,22944.66797
42.14445522,20441.9375
42.17010335,29566.96875
42.19447085,38447.64453
42.21688122,66730.51563
42.24146522,43140.94531
42.26577369,43406.04688
42.29050401,41624.32031
42.3352747,12464.45606
42.35952881,33500.27734
42.38421129,36826.28906
42.40700476,48010.95703
42.43103859,41131.71094
42.45495382,39977.01953
42.47785794,49882
42.50093211,53446.24609
42.52534742,41224.1875
42.54877324,47173.51172
42.572742,48073.21094
42.61323607,16041.79492
42.63865129,28313.29688
42.66419475,24604.83203
42.68988507,19746.51172
42.71501947,21574.97852
42.74242771,11345.73438
42.76756899,16195.18457
42.79473886,12013.28516
42.82167359,12883.41211
42.84941434,10492.68262
42.87703305,9263.150391
42.90624725,8902.760742
42.93331582,9604.686523
42.95822161,14268.24707
42.98251464,21022.28125
43.00834,14657.11328
43.03276242,19750.65039
43.05660711,32696.69531
43.08009134,26687.93164
43.10363921,32435.31055
43.12694357,34412.15234
43.14958405,41425.10547
43.17329709,31252.24023
43.19733899,23386.70703
43.21958544,40350.55078
43.24368236,18646.96484
43.26923856,11881.23926
43.29343649,13988.34961
43.31778899,13063.20313
43.34241984,10475.7334
43.36721519,6727.29541
43.39253779,6575.043457
43.41889427,4029.128906
43.44616687,5570.455078
43.47507574,3231.195557
43.50224534,5561.379883
43.53045652,4015.979492
43.55607051,7396.862305
43.58201584,6104.541016
43.60829302,6377.496094
43.63634802,5565.808105
43.66350347,7133.708008
43.69210892,4585.135742
43.71782062,8102.45459
43.74510001,4626.866699
43.77096067,9139.195313
43.79753227,5441.69873
43.82379624,6506.98877
43.84929604,9563.71875
43.87575691,9169.149414
43.90447102,9709.839844
43.93081456,15541.7832
43.95753357,18106.23828
43.98167835,35870.49219
44.00637562,32431.95898
44.03367752,18785.57031
44.05892409,32584.14063
44.08461471,23488.88672
44.11037091,21240.57031
44.13762962,12903.42383
44.16468699,9860.405273
44.19002935,12483.58594
44.21514544,10930.75
44.24153689,6193.272949
44.26920337,7882.456055
44.29518944,12160.11231
44.31972771,22902.53125
44.34395059,26956.23047
44.36828672,27424.87305
44.39222486,31989.42578
44.41550761,46838.39063
44.43844192,59751.30078
44.46167782,63678.18359
44.48471285,58864.75391
44.50765712,65828.60156
44.54106304,44340.93359
44.56435634,66374.35156
44.58722812,74158.01563
44.61008356,70331.27344
44.63336821,53320.35547
44.6564265,50396.75391
44.68022486,42166.66797
44.70475027,27736.80078
44.72963224,25422.69922
44.75459489,23104.36523
44.77942697,19294.21875
44.80466739,16488.29297
44.83255544,6772.009766
44.85859109,8853.362305
44.88474594,8818.854492
44.91134924,7274.470215
44.93975089,4797.426758
44.96676734,7588.086426
44.99293371,12284.80371
45.02239534,9903.685547
45.04975514,23525.04297
45.07858462,21663.94336
45.10701109,31272.11523
45.13596867,38246.60938
45.16286654,58259.48438
45.18828235,83364.76563
45.21547176,60186.86328
45.24120465,83519.82813
45.2828745,34587.33203
45.30989544,55476.93359
45.33658854,50735.62891
45.36286015,43177.03516
45.39125191,21862.29883
45.41763339,26024.86133
45.44492011,16151.37109
45.47298346,9486.764648
45.50109905,6338.283691
45.52769231,6456.570313
45.55366416,8117.665527
45.58139639,9181.933594
45.60700712,16163.54883
45.63329069,15247.3877
45.65891701,21429.50586
45.68534406,20816.32617
45.71210642,20861.04688
45.73984414,21117.60742
45.76637771,22529.95508
45.79294542,22586.58008
45.82290904,12275.64941
45.85125634,14056.39453
45.87919694,13383.39258
45.90661109,12898.62207
45.93357872,11136.24219
45.96240689,6435.603516
45.98819721,6860.731934
46.01618286,5037.692871
46.04386506,4198.62207
46.07299455,4434.812988
46.10042187,4666.832031
46.12837125,4063.267578
46.15654937,4157.898438
46.18567386,4168.319336
46.21339577,6288.333984
46.24021445,11800.49609
46.26809027,9369.902344
46.29507536,15207.16309
46.32452454,10759.40527
46.35417826,12594.69238
46.38107194,21342.48633
46.4095704,21060.06445
46.43643314,38126.13281
46.4630313,53422.02344
46.48941037,58894.46094
46.51643599,66341.46875
46.54296367,76804.42188
46.58165245,76200.77344
46.60746122,100548.6719
46.63446109,86601.79688
46.65959527,100097.2031
46.68473827,98040.64844
46.71012516,80963.71094
46.73447294,82131.07813
46.75860679,75939.26563
46.78260952,62555.96875
46.80712839,43675.35547
46.83177779,34824.125
46.8561251,27179.08203
46.89569202,7919.372559
46.92073857,8687.088867
46.94668552,5644.533691
46.97149322,5651.964844
46.99785386,3824.749756
47.02472866,4968.459473
47.05022467,4623.626953
47.07765332,4224.873535
47.10570189,3430.189453
47.13199336,5152.582031
47.15930404,4593.353027
47.18640467,5081.600586
47.21233294,5763.310547
47.23770566,7781.583008
47.26382136,6202.383301
47.29253894,4132.63916
47.31857549,5804.686523
47.34415229,5451.075684
47.37065895,4794.717773
47.39895609,4370.631348
47.42376972,7419.669434
47.45027366,6002.331543
47.47653447,8038.726074
47.50251791,7394.264648
47.52944774,7725.147949
47.55726976,6356.391113
47.58463054,7024.538574
47.61039877,6636.959473
47.63686772,6232.058105
47.66266859,8768.407227
47.68841461,6865.847168
47.71531279,4864.100586
47.74242079,5201.087891
47.76946442,5900.439941
47.79641084,3864.286377
47.8238216,4552.365234
47.85099004,4614.497559
47.87839157,5132.095703
47.90684344,6360
47.93510456,3543.259521
47.96277426,6413.236328
47.98962632,5603.093262
48.01619694,6163.373047
48.0410013,8709.516602
48.06810569,6715.361328
48.09404629,7198.839355
48.12252079,5708.871582
48.14840839,10605.3252
48.17592329,8570.060547
48.20305314,9653.395508
48.23082367,9053.672852
48.25722165,11812.56641
48.28272422,13244.90625
48.30876409,10854.18164
48.33616341,10432.33496
48.36332329,8555.870117
48.39088199,8915.874023
48.41981269,5639.913574
48.44662485,7884.659668
48.47301536,5668.329102
48.49936455,5999.069824
48.52760924,4498.825195
48.55550289,3850.371338
48.58740819,2511.58252
48.6158203,5111.011719
48.64403831,5482.663574
48.67043511,11724.81152
48.69827342,11547.66504
48.72662235,11410.86231
48.75462551,12156.38379
48.78075467,23056.70117
48.80754015,20219.05664
48.83847397,9022.055664
48.86608471,17684.79688
48.89322096,18826.24023
48.92160187,13420.50879
48.94838657,15623.96191
48.97529784,12528.78418
49.00217559,9918.489258
49.03130204,6004.6875
49.05932569,5266.625977
49.08674459,5235.829102
49.11617521,6779.192383
49.14316511,10856.9541
49.17017296,7913.497559
49.19627972,14631.78223
49.22229706,16384.53516
49.24763847,22901.09375
49.27162164,28998.84766
49.29446022,37065.875
49.31681169,42983.46875
49.33914479,52596.52734
49.36072032,72120.78125
49.38166764,76680.29688
49.40210874,103473.4453
49.43101011,150695.9219
49.45034319,177455.8594
49.46950419,220401.9063
49.48826315,361362.5
49.50691345,403058.8125
49.52551575,417174.0938
49.54404542,519282.9688
49.57353353,800451.0625
49.5916306,1108382.625
49.60968503,996299.875
49.62772287,1010882.438
49.66132065,1272784
49.67926423,1486680.875
49.7038446,1583761.25
49.73735371,1534521.75
49.76852695,2100140.25
49.79966223,1770589.75
49.83081585,1594888.75
49.8776143,1566667.625
49.90877028,1618923.625
49.93325522,1483957.875
49.96442802,1643238.375
49.98889363,1268479.875
50.03576382,1159730.25
50.0536203,1083343.125
50.0715488,1079519
50.08948178,1031460.25
50.12309823,1029357.688
50.1476641,1042192
50.1655792,965329.9375
50.18355005,786098.75
50.20158087,804133.375
50.22776302,785280.25
50.24577245,771923.8125
50.270496,650742.3125
50.28851827,657551.5625
50.30660437,696950.5625
50.32467567,567361.0625
50.35179832,636881.1875
50.36988297,562301.4375
50.39706425,510520.25
50.41523463,430609.75
50.43356622,444665.8125
50.45189285,402249.125
50.4702502,425770.8125
50.48864275,390409.5938
50.5181277,383732.5625
50.53650433,324782.1875
50.56169237,384281.375
50.58007083,327110.9688
50.5985721,266737.0938
50.61716241,266696.8438
50.63578649,236364.2344
50.65443668,273469.7188
50.67307941,247751.7344
50.69172988,273597.3438
50.7102295,237600.375
50.72892319,222253.3281
50.74759241,246161.3594
50.76636262,210664.2813
50.78511322,240936.1406
50.8147901,238240.5156
50.83359034,194943.4531
50.85889765,235129.9063
50.87764692,206729.5313
50.89647096,192896.75
50.91540056,185582.5938
50.93423366,168940.6563
50.9531092,173520.1406
50.97219592,133063.5625
50.99116667,143097.7188
51.01033719,150595.4375
51.02927206,141898.0781
51.04835882,137989.3125
51.06744752,124494.7891
51.08693887,84740.11719
51.10608977,131419.7969
51.12539556,94643.09375
51.15540182,74119.375
51.17504717,68948.60938
51.19469885,86048.20313
51.21422904,76771.72656
51.23379657,75975.3125
51.25365436,68994.40625
51.2732981,64954.44141
51.29299222,82231.5
51.31283019,62622.07031
51.33255592,73278.46875
51.35244409,76511.92188
51.37201034,69063.26563
51.39168844,74985.89844
51.41133,74910.39063
51.43093421,80414.99219
51.46176606,78643.76563
51.48148854,81126.09375
51.50120504,76911.64844
51.52098294,69656.66406
51.54061865,72851.99219
51.56023285,69332.97656
51.58005839,73362.53906
51.59988399,73453.15625
51.61974364,66580.67188
51.63977227,61974.05469
51.65938845,65756.27344
51.67960486,55649.76172
51.69953165,59565.375
51.72015551,45059.21484
51.74024077,51476.0625
51.77209944,38562.98047
51.79233392,49496.64453
51.81234649,46622.33203
51.83295526,47060.64063
51.85283659,47252.95313
51.87379654,35214.65234
51.89443295,31399.51367
51.91526389,33451.4375
51.93642237,30125.32031
51.95782839,28693.41016
51.97890307,28459.27344
52.00054674,28642.64648
52.02255679,26206.24805
52.04393082,21909.23828
52.06558616,19190.0957
52.08774542,17784.53516
52.11110144,16731.81641
52.13335251,19912.13086
52.1564248,13268.2627
52.18022881,14214.55957
52.20404399,14963.15527
52.22751492,11024.47168
52.25195987,10574.21094
52.27543312,12481.30176
52.29999446,12603.75977
52.32406967,18744.83008
52.34953881,17446.01172
52.37495464,18804.86523
52.39962436,19722.99414
52.42363039,22616.16211
52.44848352,20803.4375
52.47272871,21364.25
52.49825229,20252.34961
52.52256129,26634.41406
52.54692107,24611.21094
52.57084372,21869.48633
52.59660659,14956.04492
52.61885587,27180.375
52.64370031,15006.46094
52.66834172,14374.11914
52.69299464,9848.592773
52.71733981,10719.49121
52.74135691,8637.15332
52.76717046,7369.36084
52.79422537,8188.029785
52.82009634,17782.30078
52.84480962,18855.28711
52.87001094,23702.04883
52.89428922,31495.92188
52.91928859,29672.19336
52.94494665,35934.22266
52.97128806,36522.16016
52.99638807,50471.17969
53.02065104,57783.88281
53.04529581,61185.64453
53.07131897,49338.56641
53.10886304,55920.55859
53.13378407,64886.50781
53.15810709,71847.875
53.18280407,65471.90625
53.20722532,71236.32031
53.23201042,59131.29297
53.25706919,56206.21094
53.28208171,50752.67188
53.30815909,38146.21875
53.33379599,36359.10547
53.35850801,39563.44922
53.38332072,32764.01563
53.40863232,34031.58594
53.4339582,30156.08398
53.45970694,33375.58984
53.48554887,34359.13672
53.51103661,34367.56641
53.53767972,27068.19922
53.56444836,25367.16797
53.59000784,32490.75
53.61795671,19077.82227
53.64386942,25310.07031
53.67183351,15042.80859
53.69853389,19403.25781
53.72574839,11527.46777
53.75320089,10148.33496
53.77998971,10148.65332
53.80587244,5900.82666
53.83290069,6367.469727
53.85944776,5593.603027
53.88922141,2979.243652
53.91615461,5444.572266
53.94171117,5321.166504
53.96782989,4630.65918
53.99322452,6248.937012
54.02121112,3985.711426
54.04846842,3822.652832
54.07636732,4271.166504
54.10344295,4210.12793
54.13285211,2886.987549
54.16240237,4047.942383
54.19042375,4433.371094
54.21561517,9687.921875
54.24392467,5648.259277
54.27365879,3292.959717
54.30016302,9489.944336
54.32898451,4902.600586
54.35680015,8548.754883
54.38490432,7429.531738
54.41182349,8152.142578
54.43891467,8320.675781
54.46747722,5271.741699
54.49564795,5771.470215
54.52274541,8203.737305
54.55096232,4296.280273
54.57763627,5725.460449
54.60591232,5411.748047
54.63586512,3835.721924
54.66313457,5175.839844
54.69109722,4192.275879
54.72076975,3650.312012
54.75099715,3036.368408
54.77863281,3686.884033
54.80635179,4215.208496
54.83398447,3953.810059
54.86176641,4189.069824
54.88997822,4541.126953
54.91762551,4176.303711
54.94753587,4163.572266
54.9780923,4419.450684
55.00714752,8420.174805
55.03744964,4947.518555
55.06728351,8072.180664
55.09490552,15618.23926
55.12579642,6684.020508
55.15584876,8895.458008
55.18336247,14508.62402
55.21235144,11143.19727
55.23886337,19841.47461
55.26855396,8678.37793
55.29693967,11143.02637
55.32667087,6312.310547
55.35787899,4465.986816
55.38708407,4774.280762
55.41604177,5098.758301
55.44493254,4108.372559
55.47326132,4523.152344
55.49967732,5790.623535
55.52840287,4318.766113
55.55577582,4375.310059
55.58502525,4972.469238
55.61299491,3975.184326
55.64156142,5069.742676
55.66907835,4318.217285
55.69895354,5065.072754
55.72942199,5970.869629
55.75841174,7193.805176
55.78737167,6416.785645
55.81549959,6717.88916
55.84332412,7475.298828
55.87332387,8458.459961
55.90293546,9554.423828
55.93131807,10427.79981
55.95831751,10487.6709
55.98554691,8164.977051
56.01356852,7041.029785
56.04225782,8387.956055
56.0717598,6917.385742
56.09749127,9511.564453
56.12301604,7327.362793
56.1510461,6435.149902
56.17813269,7404.82373
56.20501607,7857.041504
56.23322109,5281.552246
56.26319185,5746.961426
56.29145592,4638.828125
56.32210494,3515.5625
56.35189384,5230.052734
56.38217414,5069.29248
56.41256814,4656.630371
56.43886197,5606.124023
56.4655832,5515.084961
56.49189302,6474.788086
56.52092092,3771.388428
56.54880222,5037.116699
56.57746534,4334.660645
56.60489896,5306.166504
56.63423547,3769.070313
56.66308825,5242.370117
56.69482177,4852.34082
56.72442427,3789.167969
56.75644824,3368.015381
56.78810311,3084.361328
56.81713207,3930.928223
56.84582196,3475.861084
56.87359927,4401.651855
56.90371204,3151.456543
56.93328494,4543.592773
56.96270584,3521.323975
56.99103961,4605.933594
57.01892556,4776.523926
57.04692782,3826.766113
57.07693129,3073.679688
57.10789184,3378.342285
57.13795059,3132.650146
57.16664557,3842.645264
57.19630332,4036.810059
57.22738076,3188.512939
57.25720314,4352.92334
57.28672952,4480.049805
57.31688505,5769.113281
57.34566559,6848.565918
57.3791345,4216.477051
57.40957864,5766.929688
57.43855706,8913.025391
57.46786484,8999.253906
57.49578526,11726.64648
57.52588612,10170.78906
57.55383319,12468.2793
57.58164211,16254.67188
57.60864901,17038.89844
57.63541042,19948.85352
57.66211372,28966.74609
57.68964344,23314.06836
57.71670377,28528.06445
57.74239957,39279.74609
57.76813204,36792.14844
57.79384017,48978.45703
57.81879626,56326.64063
57.84397145,55273.90625
57.87014382,47888.46875
57.89571206,55456.67578
57.93459696,37720.75391
57.95858941,76868.44531
57.98261179,80448.55469
58.00734969,64657.85156
58.03223519,73049.85156
58.05694924,71953.13281
58.08242181,65986.48438
58.10717016,72504.32813
58.13283314,64098.43359
58.15818725,65204.21484
58.18316009,67215.67969
58.20857139,64407.1875
58.24703417,33225.44922
58.27217811,55438.51953
58.29776419,48167.36719
58.32328107,46542.78125
58.35091634,32815.52344
58.37773505,33791.83594
58.40474509,26352.35547
58.43247789,21830.11523
58.45917306,26184.69141
58.4860032,19763.84766
58.51657274,9932.714844
58.54477559,13890.54492
58.57588659,6656.171387
58.60413522,8821.258789
58.63540184,4008.64502
58.66459742,5354.360352
58.69566934,3516.268066
58.72594341,3849.926025
58.75767792,3570.380371
58.78888659,4075.903809
58.82088502,4018.200928
58.85293296,4415.276855
58.88303509,6267.553711
58.91269004,7728.305664
58.94030936,11047.58789
58.96772687,12049.88281
58.99877696,8464.357422
59.0292737,10797.60059
59.06183417,8993.880859
59.09303592,12318.73731
59.12355851,13505.70606
59.15270787,17079.88477
59.18329136,15175.49609
59.21314092,18244.53906
59.24362409,17720.30859
59.27295814,20001.125
59.3019037,24159.66406
59.32994317,25247.14844
59.35864331,22902.73633
59.38914774,21372.83203
59.41752481,29223.89453
59.44537826,30439.86523
59.47439001,24858.44531
59.50182359,28785.06641
59.52974201,28249.62695
59.55791421,26136.55859
59.58709156,22205.21875
59.61586069,22725.23047
59.64534302,21054.82422
59.67376044,19326.85156
59.70271499,17909.74219
59.73140652,17669.61523
59.76177946,13673.33984
59.7910676,15308.18164
59.82010177,13713.45508
59.85009649,12519.35742
59.88403726,7426.161621
59.9163057,5701.30127
59.94718027,6742.402344
59.97783967,6113.344238
60.00705161,5891.706055
60.03851962,4165.33252
60.07299431,2917.100586
60.10551662,4048.860107
60.13459814,6542.650391
60.16585271,4777.384277
60.19559731,6035.817383
60.22680569,6571.923828
60.25729041,7973.344727
60.28795116,8692.936523
60.31889975,8464.144531
60.34834777,11362.21973
60.37879489,10364.44531
60.41006974,9274.678711
60.44088487,7998.304199
60.46914942,12159.07129
60.49737889,9790.532227
60.5254203,9117.452148
60.55646236,7254.496094
60.58577124,6240.695313
60.61640252,6111.947754
60.64728134,4275.439453
60.67873206,4486.099121
60.70791767,3759.742432
60.73798717,3972.819092
60.76729044,4529.238281
60.79791936,4088.424805
60.82833804,4081.060791
60.85869735,3853.829346
60.88923964,5283.655273
60.9179997,8226.969727
60.94888844,6121.321289
60.97725314,10738.62793
61.00588245,10625.42871
61.03506521,13582.95703
61.06459419,9624.582031
61.09532781,7574.462891
61.12334439,12478.29785
61.15230357,11129.36133
61.18115059,13678.16895
61.21329209,4758.811035
61.24174871,12074.25977
61.27219434,7466.792969
61.30293176,6570.041992
61.33208612,9369.043945
61.36347469,5472.056152
61.39278494,7831.647949
61.42226724,5964.186035
61.45287092,4037.38208
61.48339157,4689.869629
61.51394034,3522.896973
61.54458562,3920.326416
61.5744366,4613.461914
61.60501942,3976.788086
61.63504271,3386.657715
61.66502207,4059.020752
61.69453481,3937.933594
61.72453927,4498.960449
61.75422522,3828.996338
61.78425261,3670.827148
61.81503199,3908.353516
61.84481304,4089.345459
61.874872,3629.768066
61.90542747,3447.080322
61.93468552,4430.392578
61.96470745,3935.214844
61.99404634,4904.636719
62.02497854,4521.809082
62.05597919,4083.490234
62.08668932,6154.341797
62.11874202,4190.363281
62.14821569,5109.646484
62.18046826,4066.414795
62.21170636,4587.028809
62.24178449,7314.974121
62.27282437,7377.670898
62.30217712,11440.17969
62.33289156,11102.22949
62.36123572,14769.66211
62.39023946,13575.79102
62.41740307,18302.26953
62.44676849,16751.3418
62.47474727,22348.51953
62.50352555,22044.18945
62.53162542,23077.94727
62.56057986,27273.73828
62.59045871,26408.02734
62.61984319,27798.35742
62.6496622,24774.25586
62.67784282,30562.84961
62.70609126,28630.53516
62.73385226,30460.12891
62.76046397,33621.80859
62.78941005,25596.84375
62.81806695,28136.58984
62.8479568,22362.60742
62.87669884,21995.96875
62.90350401,23906.85156
62.93285607,19042.86523
62.96260367,14218.05273
62.99217434,15379.18164
63.02185817,13490.74609
63.05112481,11306.02148
63.07998325,9263.232422
63.10940787,8534.428711
63.14090869,5230.763672
63.17217301,4646.740723
63.20214712,4714.123535
63.23255389,4218.588867
63.26524887,3811.409424
63.29551199,4022.884277
63.32723265,4346.55127
63.35656337,5070.291016
63.38559904,6017.9375
63.41491216,5289.641602
63.44441004,5537.088379
63.47245926,6749.618164
63.50124926,6218.984375
63.53057359,5312.196777
63.5611605,4307.713379
63.59075791,6049.495117
63.62285067,4094.272217
63.65281382,5699.327637
63.68315242,5204.40918
63.71051642,8379.384766
63.73819876,8280.833984
63.76600736,6975.39502
63.79226469,10210.52832
63.82149739,5848.992676
63.85070811,6664.785156
63.87963042,6875.177246
63.91057525,5846.801758
63.94065812,6352.958984
63.97086025,5006.970703
63.99943147,8036.106934
64.02884459,7069.237305
64.05830394,6693.3125
64.08760052,6865.159668
64.11668876,5381.691895
64.14747111,4240.912109
64.17783014,4752.459473
64.20827164,4784.650879
64.23900104,3754.081055
64.27031591,4088.87793
64.30007542,4315.621094
64.33229867,3759.648682
64.36181077,5296.938477
64.39217325,4904.961426
64.42164404,4852.266602
64.45258747,4965.243652
64.48362552,4254.72998
64.51492849,4363.603027
64.54365347,5283.143555
64.57407024,5650.340332
64.60531141,5237.566406
64.63642024,6456.024902
64.66511132,7671.442383
64.69580297,5048.547363
64.72369209,6476.953125
64.75301956,5445.728516
64.78331066,4474.803223
64.8132398,5526.404785
64.84310632,4961.789063
64.87319482,4390.378906
64.90371402,3922.412842
64.93506004,4778.14209
64.96646757,3977.055908
64.9981202,4572.967285
65.02943534,4400.326172
65.06061921,4339.358398
65.09166566,4220.760254
65.12264709,5271.236328
65.15333286,4652.514648
65.18299386,4859.32666
65.21356584,5128.757813
65.2441648,6399.789551
65.27535429,5875.682617
65.30625367,7393.547363
65.33603149,9518.493164
65.36803297,9971.793945
65.39934759,9581.946289
65.42783852,13476.45508
65.45767796,11444.38477
65.48834667,12107.58008
65.51976306,12233.47852
65.5504643,10323.82227
65.57953109,12335.48633
65.60842969,10153.65918
65.63949739,8995.117188
65.6708594,6177.829102
65.70125256,5421.396484
65.73162165,5524.025391
65.76124017,6141.884766
65.79114682,7979.002441
65.82041776,9379.720703
65.84770679,11750.68164
65.87408322,14612.07227
65.90246044,12024.63086
65.93139379,13323.92481
65.96119141,12355.1084
65.99028466,15525.29492
66.02054042,14350.65625
66.05025142,16973.98828
66.07863361,20854.32422
66.10705639,16515.01758
66.13436442,20549.38281
66.16344027,15423.17969
66.19164099,15815.90039
66.2189321,15077.0791
66.24523317,15832.7207
66.27345606,15807.27441
66.30008762,16300.43359
66.32678134,14210.12793
66.35381997,19361.16992
66.37999607,20045.59961
66.40760567,22035.27734
66.43469321,31726.125
66.46069334,35090.28125
66.48672567,42768.76172
66.51209474,46034.01953
66.53745567,54439.50781
66.56212424,61655.58203
66.58659807,84233.375
66.60990094,97350.1875
66.64449186,101703.9453
66.66790665,100944.4766
66.69102292,121848.375
66.71367816,140876.9375
66.73595199,153838.5313
66.75772727,163628.5469
66.77905007,183814.7813
66.80003186,204269.5625
66.82101112,218375.6719
66.84173301,230701.6406
66.86224779,257857.1875
66.88278337,251413.2656
66.90332407,267325.4688
66.93224512,300635.625
66.95235394,330244.6563
66.97264759,315132.8438
66.99291137,315644.3125
67.01304999,324556.2188
67.0329088,378638.5625
67.05293811,333431.875
67.07282912,379927.4063
67.09302762,322697.625
67.11327834,314487.1875
67.13325266,316942.3125
67.15332592,350416.75
67.17322959,350866.6563
67.19322036,350469.9375
67.22208169,267461.4375
67.24210029,317570.5625
67.26220457,303513.1563
67.28233347,267072
67.30289824,254656.2656
67.32337011,249546.4375
67.34389052,233414.0781
67.36457577,192181.7031
67.38545019,190721.8438
67.40647395,173568.5469
67.42762657,175859.9375
67.44853712,161681.2969
67.46977797,143611.9375
67.49108564,127125.6563
67.52287764,119664.6328
67.54465376,105488.2813
67.56643549,121518.9453
67.58851157,92031.65625
67.61081754,80839.30469
67.63346014,69641.57813
67.65650796,68148.97656
67.67856314,54507.14453
67.70107177,61142.58984
67.72430061,44499.25
67.74789709,41566.50781
67.77125574,38357.50781
67.79355292,35553.62109
67.81675392,31856.76172
67.84087836,29440.20313
67.86519151,22064.55469
67.88885347,23578.25195
67.91223227,18543.82422
67.93648721,18597.57031
67.96011455,17724.35352
67.98481431,14214.47852
68.00960697,13358.36133
68.03422872,11011.16016
68.05873214,12695.57129
68.08433257,10246.74707
68.10914202,7795.115234
68.13422799,8424.839844
68.15950276,6772.944824
68.18385295,9664.370117
68.20817324,7754.807129
68.23303465,8360.412109
68.2587796,6776.342773
68.28303302,5465.954102
68.30929416,5762.991211
68.33457144,6212.311523
68.36068037,5385.006836
68.38849687,5191.460449
68.4166042,5445.253906
68.43793021,19654.03125
68.4629667,11698.97168
68.48830789,5764.671875
68.51478799,5467.555664
68.54078151,6139.699219
68.56693442,4962.598145
68.59292955,5277.955566
68.62042861,5216.149414
68.64782232,5160.658203
68.67322147,8588.21875
68.69993564,7206.713379
68.72532541,5402.962402
68.75189337,6357.595703
68.77816367,5222.625488
68.80465674,6552.189453
68.82978711,6695.012695
68.85731966,5349.637695
68.88289496,6502.728516
68.9113614,5491.316406
68.93785541,5072.255859
68.96212325,8180.65625
68.98651539,45666.69922
69.01056571,12154.79004
69.03812417,4547.403809
69.06341985,5619.816406
69.09082245,5161.44873
69.11512486,9320.25
69.14052929,5910.461914
69.16545976,9428.451172
69.19095517,6170.325195
69.21828619,5163.736328
69.24430597,5847.971191
69.27149502,6256.475098
69.29778899,9113.269531
69.32479801,5122.666016
69.35129571,6002.721191
69.37808147,5674.179688
69.40420034,6925.758789
69.43198467,4998.230957
69.45954326,5675.6875
69.48554454,7794.034668
69.50921971,16694.51367
69.53636164,4610.788086
69.56415842,6129.619141
69.59155614,4633.009277
69.61814929,4957.878418
69.64462524,4741.504883
69.67344721,5741.735352
69.70045292,7045.876953
69.72657436,5194.981445
69.75277501,5935.760742
69.78105022,5072.481445
69.80808092,6092.124512
69.8347904,5672.023438
69.86329805,5583.366211
69.89040922,5149.234375
69.9171694,4595.882813
69.94321461,5291.91748
69.97137276,4859.87793
69.99911077,5088.144043
70.02748352,5127.099609
70.05515434,4979.804199
70.08270809,5077.605957
70.1121219,5438.677246
70.14193212,4571.408691
70.16986041,5273.000488
70.19846654,4891.505859
70.22657125,3826.687012
70.25324232,5049.741699
70.28117882,4000.001221
70.30768774,4403.634277
70.33472604,5100.07666
70.36023155,4210.874512
70.38596636,4026.070801
70.41140412,4316.652344
70.43597897,6910.096191
70.46045304,4776.501953
70.48598764,4200.596191
70.50997777,15745.04785
70.53405681,32134.77539
70.55852996,36531.61328
70.58270979,28027.82617
70.60633037,23208.88281
70.63130984,24911.79883
70.65555474,23743.14844
70.67977074,15993.52344
70.70455916,10255.74121
70.72906487,5469.329102
70.75264676,7654.07373
70.77655132,7145.601563
70.80103704,11716.6543
70.82429786,12310.20508
70.84815319,12674.54492
70.87298059,5944.694336
70.89702305,9937.616211
70.92171252,10284.13281
70.94538789,10445.22559
70.96972024,12602.27832
70.99406046,10137.34863
71.01804567,7944.675781
71.04145564,11473.85156
71.06483567,11259.01563
71.08862626,26310.13867
71.11195976,26633.28906
71.13610297,14412.80566
71.16003985,27676.66016
71.18395337,20200.2793
71.20750119,16735.40234
71.2313017,18361.20508
71.25540769,16676.875
71.27907169,17064.55273
71.30266869,14994.27441
71.32637172,17336.04297
71.34981215,14322.35742
71.37376834,13205.34082
71.39682372,14709.89941
71.42007822,14002.89746
71.443932,12107.46582
71.46789251,12347.86621
71.49139399,14991.27539
71.51445954,14751.55469
71.53787394,14581.68262
71.5617937,13490.04102
71.58586939,12391.84375
71.60945509,14539.16699
71.63318769,14020.49609
71.65574122,20015.22266
71.67898269,17161.58203
71.70198247,17810.16602
71.72521849,53920.77344
71.74792954,22262.46289
71.77093427,16543.28125
71.79485219,17145.77344
71.81862961,19487.62109
71.84115895,24215.6582
71.86482927,17098.00977
71.88812324,27635.88672
71.91160139,19356.37305
71.93491074,20809.625
71.95915314,17183.33789
71.98265881,21083.04297
72.00592724,27981.36523
72.02830277,25866.6875
72.0510841,26551.53516
72.07469652,22233.00391
72.09729756,26674.67578
72.12066466,27838.61523
72.14322589,26690.91797
72.16742289,20695.21094
72.19044549,24033.18164
72.21417071,22020.73242
72.23799867,22745.68164
72.26226522,20350.70313
72.2860176,22924.08203
72.30891832,25679.15039
72.33238077,24502.87305
72.35612997,21069.8457
72.3801367,21138.31836
72.40412209,25524.25195
72.42810462,24003.96484
72.45285627,18984.13867
72.47735399,22175.15625
72.50147532,23912.10742
72.52532419,24162.80273
72.54888119,27031.92969
72.57349419,33760.22656
72.59765029,26279.87305
72.62117242,30121.74805
72.64600056,23848.36133
72.67097929,25562.02344
72.69595615,24605.88477
72.72014384,28571.74805
72.74467326,26894.88477
72.76938541,27633.17773
72.79400954,25583
72.81926686,24836.12109
72.84530996,22730.70703
72.87128361,23001.88086
72.89580764,30708.24805
72.92138687,26093.20508
72.94676226,27558.51367
72.97203314,27853.38672
72.99661391,28247.06055
73.02268532,23909.47266
73.04773411,27466.50586
73.07277315,31229.07422
73.09875712,24853.6543
73.12470077,25555.23047
73.14990939,27565.20117
73.17490952,28693.99805
73.19955164,31660.58594
73.2252495,28645.2168
73.25124434,27376.64453
73.27759084,23950.39453
73.30317516,29520.37695
73.32895127,29529.48438
73.35415149,31080.55469
73.37915796,37666.82031
73.40552777,27620.94922
73.43137229,30081.17969
73.4570628,30516.59961
73.48227674,35155.89844
73.50740284,33465.5
73.53297052,28380.99414
73.55814674,33244.39063
73.58395142,31442.41992
73.60978522,30542.47266
73.63590517,28951.12109
73.6622238,29267.69922
73.68782969,32479.08984
73.7130088,35117.23828
73.73872675,31825.44727
73.7642042,34810.39453
73.78972301,34901.01563
73.81514426,33279.75
73.84110979,30338.58984
73.86629762,34993.64453
73.89251024,34731.86328
73.919271,28225.56055
73.94513497,31991.375
73.97206074,29293.42383
73.9977324,36334.48438
74.02353471,33857.37891
74.04942049,34325.71484
74.0746411,36832.64844
74.09985531,39644.1875
74.12536367,38720.31641
74.15096774,37637.44531
74.17687534,34159.03125
74.20287392,34616.55859
74.22828617,40462.9375
74.25382264,40511.78906
74.27952962,39405.63672
74.30477226,38550.59375
74.32993682,41010.625
74.35533076,39904.66016
74.38103654,39896.77734
74.40668821,38418.89453
74.43280466,36337.07031
74.45897882,36809.35938
74.48540469,37873.14063
74.51163427,37395.66016
74.53610889,45519.28906
74.56157827,44103.99609
74.5873768,41339.48047
74.61336024,39141.54297
74.6389895,42097.24219
74.66459387,41840.62891
74.69045852,40379.80078
74.7159964,42877.05469
74.74141982,43443.21875
74.76667964,44124.12891
74.79334484,36264.80078
74.81961429,41800.63672
74.84610246,36783.12109
74.87246514,39131.83203
74.89859787,37832.31641
74.92480975,40567.77344
74.95060159,42081.83203
74.97670809,40773.17969
75.00218617,44807.28125
75.02787209,42021.73438
75.05315977,48149.35156
75.07917919,41667.03516
75.10530309,43860.37109
75.13094815,43189.45703
75.1566635,44110.77734
75.18207414,45231.05078
75.20791889,44134.13672
75.23298369,49717.09375
75.25885712,46434.18359
75.28487,41765.08203
75.31107607,40493.28516
75.33736182,43557.12891
75.36356194,42952.5625
75.3889725,48093.72266
75.41502627,44564.83203
75.44169354,39204.19922
75.46725449,49187.84766
75.49371782,43204.52734
75.51925205,48658.5
75.5448023,46633.89844
75.57027651,46669.22266
75.59784029,35415.17969
75.62545882,36180.67188
75.65182156,42385.90234
75.67735811,48256.53125
75.70262407,53879.30078
75.72902344,43878.14063
75.75468796,46601.375
75.77995347,51608.44922
75.80544705,49354.35156
75.83214681,43529.42969
75.85901834,39953.1875
75.88567901,40372.78125
75.91196241,45040.02734
75.93870029,40333.58984
75.96536595,43857.12109
75.99176126,42463.21875
76.01816524,45535.66406
76.04470551,44830.26172
76.07058017,48877.30859
76.09725761,43872.625
76.12307906,48850.92578
76.14917887,47664.99609
76.17588862,42045.70313
76.20213886,45035.80469
76.22880694,46067.89844
76.25484974,46710.78906
76.28186117,43543.51172
76.30840354,45740.30078
76.33584627,41469.94922
76.36312479,40208.91797
76.38934882,49552.73438
76.41596864,44981.13281
76.44247819,47455.79297
76.46897811,48069.05078
76.49511946,47199.87891
76.52098359,48283.02344
76.54633604,53199.32031
76.57242414,50774.99609
76.59822951,49965.58203
76.62456064,47053.48047
76.65123994,44222.88281
76.6776865,47344.44141
76.70489294,44902.05078
76.73167029,43963.12891
76.7581791,45616.68359
76.78551137,42459.58984
76.81248706,43671.61328
76.83927611,45792.29297
76.86558339,48308.23828
76.89158451,51148.80469
76.91720222,53886.5625
76.94304877,51181.41406
76.96932671,48031.39063
76.99642864,43658.88281
77.02270904,49746.55078
77.04939121,45557.29688
77.07643784,44518.39453
77.10166695,59821.32422
77.12849192,48090.58203
77.15504797,50680.51563
77.1827745,41918.625
77.20941927,48955.80078
77.23594162,45982.25
77.26313539,44166.85156
77.28941636,49942.47656
77.31628807,43448.87891
77.34218002,53512.04688
77.36826822,52203.26172
77.39488129,49286.71875
77.42182159,48150.89063
77.44853636,49589.60938
77.47508924,48076.45703
77.50150826,50010.99219
77.52699004,58754.26172
77.5532552,51816.18359
77.57952141,52027.45703
77.60566455,53132.07422
77.63172257,52013.92188
77.65800157,52459.16016
77.68412857,56039.61328
77.71089167,47849.12891
77.73719314,53388.23828
77.76425619,44724.8125
77.79133441,48538.61719
77.81886499,43577.79688
77.8456279,47971.33594
77.87156257,54717.50781
77.89863989,46135.65625
77.92464941,51357.71875
77.95087912,52714.66797
77.97770512,47481.05078
78.00441457,48551.92969
78.03035109,51340.71484
78.05643709,51854.98828
78.08245427,55884.80859
78.10867972,51936.99609
78.13551867,49456.42188
78.16159971,54886.53906
78.1881144,51276.91406
78.21369224,61176.89453
78.24063706,47982.28125
78.26723482,49044.10156
78.29378134,51779.51172
78.31974176,53159.21094
78.34590887,51757.16797
78.37270364,50802.71094
78.39864439,56532.15625
78.42518326,51875.07422
78.45224939,50813.87109
78.47939879,47370.44531
78.50594359,54151.39453
78.53253259,50861.07422
78.55867814,54851.55859
78.5850292,55157.81641
78.61058237,59818.87891
78.63692886,54953.49219
78.66293416,54399.91797
78.68940194,55435.54688
78.71627957,51693.71484
78.74276266,51781.16016
78.76925805,52452.63672
78.79653399,47307.40234
78.82307377,53632.91016
78.84950161,53652.78906
78.87636007,52254.10938
78.90216454,59820.875
78.92798736,58683.21094
78.95308616,67840.74219
78.97874616,60565.54297
79.00453161,60316.77344
79.03093022,55911.95313
79.05793917,52914.44922
79.08531897,48449.03906
79.11144551,54747.00391
79.13783735,54661.33594
79.16383319,56444.1875
79.19001836,55717.28516
79.21605564,59594.23828
79.24265215,52075.57031
79.26965774,52559.83594
79.29607301,53289.51953
79.32202191,57222.49609
79.34851517,55375.53516
79.37551209,48824.08984
79.40211259,52218.73828
79.42893524,51302.32422
79.45634377,48169.44141
79.48305499,50740.11719
79.50963694,53375.30078
79.53599685,58464.39453
79.56218819,56780.72656
79.58857719,55370.03125
79.61517684,54892.72656
79.64186751,54590.42969
79.66780037,58621.88281
79.69463269,53996.02344
79.72104207,55970.62109
79.74721689,56343.29297
79.77330255,58710.67578
79.7996923,57268.43359
79.82667172,53829.19141
79.85316492,53409.56641
79.87980014,52231.25
79.9061751,58660.44922
79.93212302,59997.28906
79.95821607,57450.05469
79.98479569,51541.34766
80.01193879,52050.39063
80.03852851,55071.98828
80.06476307,58019.35156
80.09122117,55865.67969
80.1177622,57293.15234
80.14446599,52023.92188
80.17102809,54591.08984
80.19740374,54290.22266
80.22371684,55302.4375
80.25022582,55453.34375
80.2770798,52729.92188
80.30357257,55695.38281
80.33004652,54776.64453
80.35681559,53946.75391
80.38313574,56135.30078
80.40967767,56734.27344
80.43629164,56324.85938
80.46312682,51424.94141
80.49107214,47098.78125
80.51768664,53206.62109
80.54454581,52777.91406
80.57195951,51228.64063
80.59822194,57130.92578
80.62470747,54478.35938
80.65071492,58609.35156
80.67679375,59556.34375
80.70339601,54396.39844
80.72949219,57629.38281
80.75586687,58486.74219
80.78183004,58357.71094
80.80825487,56318.63281
80.83543174,51643.28125
80.86221799,55372.65625
80.88938506,49427.00391
80.91679584,51263.32031
80.94358269,54458.08203
80.97035937,54450.01953
80.99701586,53669.74219
81.02356846,55536.00781
81.05131409,48572.08594
81.07737189,59447.46875
81.10477575,49343.03125
81.13244886,47447.60156
81.15937889,52456.14453
81.18565321,56295.90234
81.21307632,49467.85156
81.23940992,58902.53906
81.26508879,60412.26953
81.29102619,59548.96094
81.31783139,54802.75
81.34467622,52790.66016
81.37102106,55548.01563
81.39853617,49703.09766
81.42528551,54516.72656
81.45185436,54087.08594
81.47858882,53684.96875
81.50469232,57458.15625
81.53174924,55224.84375
81.55724932,66001.55469
81.58392302,56487.90625
81.61036809,56823.76563
81.63688812,56029.24609
81.66348852,55642.53516
81.69096872,48063.26563
81.71748197,56317.51563
81.74422599,51250.3125
81.77156442,50680.29688
81.79798979,56137.69922
81.82474759,53290.0625
81.85101062,59695.76172
81.87778574,56036.58984
81.90434322,57398.40234
81.93200857,49904.12109
81.95791782,60733.84766
81.9837032,60769.64063
82.00979832,58311.58594
82.03697146,53547.58203
82.06412337,52686.42578
82.09089147,54880.22266
82.11802592,53409.0625
82.14478211,53979.5625
82.17083292,56776.82031
82.19764992,51704.44141
82.22507391,50959.9375
82.25113457,57036.49219
82.27732432,56179.59766
82.30404927,54381.41797
82.33014027,59550.38672
82.35674796,57029.25781
82.38350862,54308.34766
82.40969609,56686.60547
82.43593294,56950.10156
82.46268597,52124.44141
82.48944992,54946.71094
82.51605644,54994.30078
82.54300436,52528.875
82.56957651,53097.36719
82.59580181,59533.36719
82.62269257,54502.07422
82.64959722,51334.04297
82.67624304,53610.30078
82.70285276,58475.3125
82.72901891,57749.28516
82.75482907,63006.95703
82.78150747,53472.96094
82.80787437,55971.42969
82.83487774,54328.15234
82.86140002,55364.21094
82.88821677,53745.28125
82.91494451,53237.32813
82.94150484,54694.60156
82.96745094,57322.87891
82.99380222,56921.5625
83.01981324,58692.16016
83.04606454,58810.51563
83.07244646,59614.59375
83.09805777,62378.47656
83.12403136,60174.72266
83.15065907,57728.49609
83.17752236,54614.44141
83.20470539,52542.59766
83.23179607,51931.91797
83.25844582,53621.58594
83.28519115,52840.64844
83.31174141,55008.17578
83.33851651,53956.73047
83.36583389,49334.91797
83.39293759,51236.21484
83.4204981,49423.75781
83.44721332,54584.59375
83.47373604,53937.70703
83.50024222,55016.87891
83.52606819,58409.78906
83.55240174,55284.91016
83.57819104,58671.91016
83.60526764,53238.61719
83.63244611,53215.20313
83.65966856,52266.95703
83.68667624,55294.91016
83.71425747,48646.32813
83.74091082,55668.09375
83.76791001,51131.10938
83.795208,49107.65234
83.82188532,51946.72266
83.84852229,53947.59766
83.87539961,50744.30078
83.90236232,53818.47266
83.92915532,53803.46094
83.95643639,50567.60938
83.98368971,49779.37109
84.01039495,54914.34375
84.03712519,53262.9375
84.06397541,51791.99219
84.09059776,55139.60156
84.11695545,55656.05859
84.1435069,56906.35547
84.17007549,52756.39063
84.19633959,56509.29297
84.22328357,53824.48438
84.25012909,52971.69922
84.27709244,52096.05469
84.30342994,55501.79688
84.33034314,54590.58594
84.3577317,51522.35938
84.38421072,54408.08203
84.41079845,52906.50391
84.43765824,49519.32031
84.4637284,56960.28516
84.49045705,56529.91797
84.51723229,53154.75
84.54397804,52453.875
84.57070914,51822.11328
84.59749422,55046.625
84.62475059,52324.44531
84.65145982,52812.45703
84.67880577,49486.14453
84.70541652,53931.76172
84.73182677,55287.23828
84.75928969,49209.75
84.78633047,51626.02344
84.81371524,49687.05469
84.84041761,53656.19531
84.86714472,52936.10547
84.89439947,51838.67188
84.92099952,54095.88281
84.9480755,52785.96094
84.9751212,50571.18359
85.00293279,44878.625
85.03035597,48580.28125
