"#""+ BPC Scan stir_75um_sp-r002.d """,,
#Point,X(Minutes),Y(Counts)
0,0.053,1351
1,0.069,1368
2,0.086,854
3,0.103,1072
4,0.119,963
5,0.136,1239
6,0.152,1306
7,0.169,1015
8,0.186,1129
9,0.202,891
10,0.219,1166
11,0.236,1033
12,0.252,1189
13,0.269,1498
14,0.286,809
15,0.302,1153
16,0.319,898
17,0.335,1093
18,0.352,1138
19,0.369,1193
20,0.385,1547
21,0.402,1102
22,0.419,985
23,0.435,1157
24,0.452,835
25,0.468,600
26,0.485,977
27,0.502,1324
28,0.518,741
29,0.535,860
30,0.552,797
31,0.568,1248
32,0.585,769
33,0.602,800
34,0.618,1422
35,0.635,997
36,0.651,932
37,0.668,1213
38,0.685,1027
39,0.701,1041
40,0.718,1438
41,0.735,1230
42,0.751,1949
43,0.768,1632
44,0.785,1027
45,0.801,1427
46,0.818,1086
47,0.834,1626
48,0.851,1277
49,0.868,796
50,0.884,1238
51,0.901,1269
52,0.918,1263
53,0.934,1211
54,0.951,1362
55,0.967,1032
56,0.984,1124
57,1.001,1345
58,1.017,1325
59,1.034,783
60,1.051,867
61,1.067,1039
62,1.084,1112
63,1.101,1045
64,1.117,1165
65,1.134,1003
66,1.15,1243
67,1.167,1126
68,1.184,1107
69,1.2,1250
70,1.217,1516
71,1.234,1497
72,1.25,1695
73,1.267,1033
74,1.284,1147
75,1.3,723
76,1.317,1041
77,1.333,1459
78,1.35,813
79,1.367,1092
80,1.383,1091
81,1.4,841
82,1.417,1292
83,1.433,1026
84,1.45,965
85,1.466,1062
86,1.483,1234
87,1.5,1112
88,1.516,1306
89,1.533,1007
90,1.55,1444
91,1.566,1224
92,1.583,1029
93,1.6,1635
94,1.616,1134
95,1.633,902
96,1.649,1401
97,1.666,1050
98,1.683,1422
99,1.699,821
100,1.716,1012
101,1.733,1007
102,1.749,1118
103,1.766,1183
104,1.783,870
105,1.799,1422
106,1.816,1001
107,1.832,816
108,1.849,1097
109,1.866,957
110,1.882,1254
111,1.899,1267
112,1.916,955
113,1.932,976
114,1.949,1276
115,1.965,727
116,1.982,952
117,1.999,1034
118,2.015,1141
119,2.032,965
120,2.049,1016
121,2.065,1092
122,2.082,1190
123,2.099,849
124,2.115,1037
125,2.132,812
126,2.148,1045
127,2.165,1225
128,2.182,959
129,2.198,1312
130,2.215,1150
131,2.232,1346
132,2.248,844
133,2.265,1037
134,2.282,1125
135,2.298,787
136,2.315,1168
137,2.331,1092
138,2.348,914
139,2.365,798
140,2.381,1024
141,2.398,1045
142,2.415,1146
143,2.431,930
144,2.448,967
145,2.464,1288
146,2.481,810
147,2.498,1597
148,2.514,1237
149,2.531,698
150,2.548,1351
151,2.564,741
152,2.581,712
153,2.598,1058
154,2.614,1403
155,2.631,1090
156,2.647,1099
157,2.664,1413
158,2.681,1733
159,2.697,841
160,2.714,1151
161,2.731,1108
162,2.747,1213
163,2.764,810
164,2.781,1224
165,2.797,906
166,2.814,1161
167,2.83,905
168,2.847,908
169,2.864,1030
170,2.88,1334
171,2.897,1052
172,2.914,1489
173,2.93,884
174,2.947,931
175,2.963,1273
176,2.98,1523
177,2.997,976
178,3.013,1036
179,3.03,1069
180,3.047,1593
181,3.063,820
182,3.08,1242
183,3.097,824
184,3.113,1451
185,3.13,1353
186,3.146,1070
187,3.163,1141
188,3.18,903
189,3.196,1092
190,3.213,1380
191,3.23,1142
192,3.246,1030
193,3.263,1304
194,3.28,940
195,3.296,1098
196,3.313,888
197,3.329,1361
198,3.346,1205
199,3.363,710
200,3.379,1000
201,3.396,853
202,3.413,1460
203,3.429,1634
204,3.446,1198
205,3.463,941
206,3.479,740
207,3.496,858
208,3.512,886
209,3.529,1704
210,3.546,832
211,3.562,941
212,3.579,790
213,3.596,872
214,3.612,935
215,3.629,914
216,3.645,1105
217,3.662,814
218,3.679,910
219,3.695,1165
220,3.712,1152
221,3.729,1077
222,3.745,1065
223,3.762,1202
224,3.779,1311
225,3.795,964
226,3.812,1191
227,3.828,971
228,3.845,1314
229,3.862,1173
230,3.878,770
231,3.895,995
232,3.912,782
233,3.928,1474
234,3.945,886
235,3.962,1321
236,3.978,1450
237,3.995,882
238,4.011,747
239,4.028,1426
240,4.045,983
241,4.061,985
242,4.078,768
243,4.095,1182
244,4.111,1902
245,4.128,986
246,4.144,1153
247,4.161,1015
248,4.178,913
249,4.194,1145
250,4.211,786
251,4.228,1235
252,4.244,825
253,4.261,929
254,4.278,1131
255,4.294,1162
256,4.311,1222
257,4.327,927
258,4.344,652
259,4.361,804
260,4.377,1203
261,4.394,1008
262,4.411,1592
263,4.427,1763
264,4.444,1292
265,4.46,854
266,4.477,1039
267,4.494,1254
268,4.51,1550
269,4.527,948
270,4.544,1104
271,4.56,1071
272,4.577,1542
273,4.594,1132
274,4.61,1120
275,4.627,1180
276,4.643,1263
277,4.66,1027
278,4.677,1155
279,4.693,851
280,4.71,1117
281,4.727,1094
282,4.743,1034
283,4.76,1141
284,4.777,1046
285,4.793,1229
286,4.81,1075
287,4.826,1084
288,4.843,1399
289,4.86,1337
290,4.876,1286
291,4.893,942
292,4.91,1190
293,4.926,860
294,4.943,833
295,4.959,1268
296,4.976,850
297,4.993,1074
298,5.009,1164
299,5.026,1101
300,5.043,968
301,5.059,1142
302,5.076,968
303,5.093,1348
304,5.109,1134
305,5.126,1235
306,5.142,1116
307,5.159,952
308,5.176,1270
309,5.192,1336
310,5.209,1593
311,5.226,1066
312,5.242,1285
313,5.259,1075
314,5.276,850
315,5.292,1001
316,5.309,932
317,5.325,863
318,5.342,1079
319,5.359,922
320,5.375,1161
321,5.392,1648
322,5.409,1084
323,5.425,1590
324,5.442,1095
325,5.458,1029
326,5.475,917
327,5.492,1539
328,5.508,1610
329,5.525,1385
330,5.542,1043
331,5.558,1372
332,5.575,1296
333,5.592,1511
334,5.608,1449
335,5.625,1132
336,5.641,1858
337,5.658,1426
338,5.675,1036
339,5.691,834
340,5.708,1080
341,5.725,794
342,5.741,1284
343,5.758,1010
344,5.775,1197
345,5.791,1210
346,5.808,1379
347,5.824,1127
348,5.841,1205
349,5.858,1640
350,5.874,1047
351,5.891,1087
352,5.908,1415
353,5.924,686
354,5.941,701
355,5.957,1560
356,5.974,1253
357,5.991,1170
358,6.007,866
359,6.024,1006
360,6.041,1411
361,6.057,955
362,6.074,1238
363,6.091,1035
364,6.107,1235
365,6.124,1383
366,6.14,1118
367,6.157,1442
368,6.174,1371
369,6.19,1369
370,6.207,1594
371,6.224,1332
372,6.24,1159
373,6.257,1494
374,6.274,939
375,6.29,1380
376,6.307,1331
377,6.323,946
378,6.34,1217
379,6.357,1636
380,6.373,1128
381,6.39,1531
382,6.407,1012
383,6.423,1567
384,6.44,1202
385,6.456,1209
386,6.473,1578
387,6.49,944
388,6.506,1351
389,6.523,1374
390,6.54,892
391,6.556,1182
392,6.573,1532
393,6.59,1021
394,6.606,827
395,6.623,1237
396,6.639,1245
397,6.656,1342
398,6.673,1470
399,6.689,904
400,6.706,1081
401,6.723,1495
402,6.739,996
403,6.756,806
404,6.773,1145
405,6.789,1215
406,6.806,705
407,6.822,1122
408,6.839,923
409,6.856,1027
410,6.872,1325
411,6.889,1589
412,6.906,1143
413,6.922,1418
414,6.939,1291
415,6.955,930
416,6.972,1063
417,6.989,1581
418,7.005,1502
419,7.022,1115
420,7.039,1298
421,7.055,1035
422,7.072,1128
423,7.089,1118
424,7.105,1270
425,7.122,844
426,7.138,914
427,7.155,1192
428,7.172,1031
429,7.188,1097
430,7.205,915
431,7.222,1201
432,7.238,1048
433,7.255,947
434,7.272,1289
435,7.288,1445
436,7.305,1553
437,7.321,879
438,7.338,1483
439,7.355,1398
440,7.371,1063
441,7.388,949
442,7.405,1206
443,7.421,1150
444,7.438,1080
445,7.454,1287
446,7.471,1253
447,7.488,1028
448,7.504,1111
449,7.521,1007
450,7.538,1156
451,7.554,1207
452,7.571,1061
453,7.588,1045
454,7.604,1146
455,7.621,961
456,7.637,949
457,7.654,886
458,7.671,978
459,7.687,1655
460,7.704,1161
461,7.721,1205
462,7.737,1221
463,7.754,1117
464,7.771,889
465,7.787,1217
466,7.804,1337
467,7.82,1359
468,7.837,1354
469,7.854,957
470,7.87,1448
471,7.887,854
472,7.904,1486
473,7.92,1072
474,7.937,1347
475,7.953,859
476,7.97,1526
477,7.987,1432
478,8.003,833
479,8.02,1063
480,8.037,1069
481,8.053,1248
482,8.07,1194
483,8.087,1152
484,8.103,991
485,8.12,922
486,8.136,1531
487,8.153,1012
488,8.17,1131
489,8.186,1322
490,8.203,1125
491,8.22,995
492,8.236,1434
493,8.253,962
494,8.27,645
495,8.286,1354
496,8.303,935
497,8.319,1135
498,8.336,893
499,8.353,1160
500,8.369,1108
501,8.386,1819
502,8.403,1234
503,8.419,1522
504,8.436,1541
505,8.452,1053
506,8.469,1103
507,8.486,1553
508,8.502,1002
509,8.519,1130
510,8.536,1574
511,8.552,1573
512,8.569,792
513,8.586,1243
514,8.602,1314
515,8.619,1363
516,8.635,1083
517,8.652,1179
518,8.669,1119
519,8.685,1015
520,8.702,888
521,8.719,1224
522,8.735,835
523,8.752,1070
524,8.769,1198
525,8.785,1695
526,8.802,1649
527,8.818,818
528,8.835,728
529,8.852,858
530,8.868,926
531,8.885,1356
532,8.902,1197
533,8.918,1312
534,8.935,1080
535,8.951,1203
536,8.968,1096
537,8.985,1042
538,9.001,1231
539,9.018,1054
540,9.035,934
541,9.051,1036
542,9.068,1331
543,9.085,1011
544,9.101,1006
545,9.118,1702
546,9.134,1365
547,9.151,1256
548,9.168,1253
549,9.184,1178
550,9.201,1236
551,9.218,1169
552,9.234,1258
553,9.251,913
554,9.268,1203
555,9.284,1167
556,9.301,1243
557,9.317,1232
558,9.334,932
559,9.351,1169
560,9.367,742
561,9.384,1056
562,9.401,1244
563,9.417,1364
564,9.434,1015
565,9.45,796
566,9.467,954
567,9.484,1242
568,9.5,1062
569,9.517,1115
570,9.534,916
571,9.55,1495
572,9.567,1058
573,9.584,1226
574,9.6,1069
575,9.617,971
576,9.633,1327
577,9.65,1023
578,9.667,1767
579,9.683,1191
580,9.7,1377
581,9.717,1055
582,9.733,1217
583,9.75,1391
584,9.767,1418
585,9.783,1556
586,9.8,1040
587,9.816,984
588,9.833,888
589,9.85,1264
590,9.866,1140
591,9.883,1255
592,9.9,1230
593,9.916,1007
594,9.933,1006
595,9.949,919
596,9.966,989
597,9.983,1173
598,9.999,1032
599,10.016,964
600,10.033,769
601,10.049,1295
602,10.066,1223
603,10.083,909
604,10.099,1270
605,10.116,1478
606,10.132,1095
607,10.149,1393
608,10.166,1662
609,10.182,1019
610,10.199,925
611,10.216,1080
612,10.232,1007
613,10.249,954
614,10.266,1111
615,10.282,951
616,10.299,932
617,10.315,1584
618,10.332,1154
619,10.349,1631
620,10.365,1239
621,10.382,1122
622,10.399,1269
623,10.415,1726
624,10.432,1371
625,10.448,980
626,10.465,1111
627,10.482,1083
628,10.498,957
629,10.515,870
630,10.532,983
631,10.548,1010
632,10.565,1472
633,10.582,1014
634,10.598,1180
635,10.615,1585
636,10.631,969
637,10.648,1372
638,10.665,1048
639,10.681,998
640,10.698,1073
641,10.715,1299
642,10.731,1031
643,10.748,1309
644,10.765,1022
645,10.781,852
646,10.798,978
647,10.814,1076
648,10.831,958
649,10.848,1051
650,10.864,1169
651,10.881,1169
652,10.898,1148
653,10.914,1607
654,10.931,820
655,10.947,919
656,10.964,1378
657,10.981,991
658,10.997,1043
659,11.014,812
660,11.031,1217
661,11.047,1975
662,11.064,1286
663,11.081,1028
664,11.097,957
665,11.114,1407
666,11.13,1235
667,11.147,926
668,11.164,783
669,11.18,927
670,11.197,951
671,11.214,833
672,11.23,989
673,11.247,1834
674,11.264,1114
675,11.28,942
676,11.297,1446
677,11.313,936
678,11.33,1174
679,11.347,901
680,11.363,891
681,11.38,1085
682,11.397,1100
683,11.413,1278
684,11.43,640
685,11.446,1851
686,11.463,981
687,11.48,1138
688,11.496,836
689,11.513,857
690,11.53,638
691,11.546,667
692,11.563,1136
693,11.58,1309
694,11.596,954
695,11.613,828
696,11.629,785
697,11.646,778
698,11.663,657
699,11.679,748
700,11.696,945
701,11.713,1162
702,11.729,601
703,11.746,860
704,11.762,1022
705,11.779,1023
706,11.796,857
707,11.812,804
708,11.829,736
709,11.846,709
710,11.862,1604
711,11.879,889
712,11.896,879
713,11.912,916
714,11.929,1379
715,11.945,921
716,11.962,1187
717,11.979,1333
718,11.995,1178
719,12.012,820
720,12.029,951
721,12.045,1551
722,12.062,1339
723,12.079,1080
724,12.095,898
725,12.112,1550
726,12.128,1049
727,12.145,1255
728,12.162,1164
729,12.178,1385
730,12.195,1188
731,12.212,1059
732,12.228,1217
733,12.245,1019
734,12.261,1317
735,12.278,1328
736,12.295,1076
737,12.311,1088
738,12.328,944
739,12.345,1669
740,12.361,1178
741,12.378,979
742,12.395,1339
743,12.411,1050
744,12.428,1363
745,12.444,1173
746,12.461,1468
747,12.478,1462
748,12.494,1129
749,12.511,1077
750,12.528,1315
751,12.544,981
752,12.561,863
753,12.578,1088
754,12.594,910
755,12.611,812
756,12.627,1108
757,12.644,1319
758,12.661,862
759,12.677,906
760,12.694,1427
761,12.711,832
762,12.727,1180
763,12.744,968
764,12.76,946
765,12.777,1004
766,12.794,1030
767,12.81,1120
768,12.827,909
769,12.844,1276
770,12.86,1032
771,12.877,1445
772,12.894,1337
773,12.91,764
774,12.927,1229
775,12.943,1733
776,12.96,1067
777,12.977,1391
778,12.993,1194
779,13.01,1222
780,13.027,1206
781,13.043,1162
782,13.06,1143
783,13.077,1093
784,13.093,929
785,13.11,1187
786,13.126,1200
787,13.143,1050
788,13.16,1360
789,13.176,853
790,13.193,1844
791,13.21,952
792,13.226,1164
793,13.243,1162
794,13.259,1186
795,13.276,1224
796,13.293,1148
797,13.309,1290
798,13.326,1123
799,13.343,1356
800,13.359,1154
801,13.376,1345
802,13.393,875
803,13.409,984
804,13.426,817
805,13.442,1219
806,13.459,973
807,13.476,1045
808,13.492,1268
809,13.509,1284
810,13.526,1227
811,13.542,1098
812,13.559,863
813,13.576,1234
814,13.592,1610
815,13.609,1025
816,13.625,972
817,13.642,1067
818,13.659,1535
819,13.675,1125
820,13.692,1240
821,13.709,994
822,13.725,1391
823,13.742,1791
824,13.758,1495
825,13.775,983
826,13.792,935
827,13.808,1236
828,13.825,1380
829,13.842,1152
830,13.858,1004
831,13.875,1227
832,13.892,1326
833,13.908,1028
834,13.925,1533
835,13.941,1011
836,13.958,802
837,13.975,1361
838,13.991,1093
839,14.008,1671
840,14.025,1104
841,14.041,1309
842,14.058,1150
843,14.075,938
844,14.091,1105
845,14.108,910
846,14.124,1305
847,14.141,1038
848,14.158,1296
849,14.174,941
850,14.191,1278
851,14.208,1040
852,14.224,849
853,14.241,942
854,14.257,1313
855,14.274,1066
856,14.291,1103
857,14.307,873
858,14.324,1051
859,14.341,1391
860,14.357,695
861,14.374,1060
862,14.391,1133
863,14.407,961
864,14.424,1521
865,14.44,1132
866,14.457,869
867,14.474,1303
868,14.49,985
869,14.507,975
870,14.524,1538
871,14.54,1262
872,14.557,1684
873,14.574,806
874,14.59,1351
875,14.607,1349
876,14.623,1424
877,14.64,1319
878,14.657,825
879,14.673,965
880,14.69,1623
881,14.707,1497
882,14.723,1150
883,14.74,1266
884,14.756,1327
885,14.773,1193
886,14.79,1180
887,14.806,1281
888,14.823,1245
889,14.84,903
890,14.856,1090
891,14.873,1394
892,14.89,1567
893,14.906,1543
894,14.923,1461
895,14.939,1125
896,14.956,1536
897,14.973,1188
898,14.989,1006
899,15.006,1103
900,15.023,2189
901,15.039,1345
902,15.056,1445
903,15.073,1982
904,15.089,1645
905,15.106,1934
906,15.122,1314
907,15.139,1346
908,15.156,927
909,15.172,1451
910,15.189,1283
911,15.206,948
912,15.222,826
913,15.239,1090
914,15.255,1680
915,15.272,1419
916,15.289,1067
917,15.305,1390
918,15.322,1280
919,15.339,1070
920,15.355,1175
921,15.372,974
922,15.389,966
923,15.405,1061
924,15.422,1695
925,15.438,1459
926,15.455,1128
927,15.472,1314
928,15.488,1426
929,15.505,1883
930,15.522,2080
931,15.538,2698
932,15.555,3037
933,15.572,3270
934,15.588,3509
935,15.605,4248
936,15.621,4659
937,15.638,4435
938,15.655,5126
939,15.671,5386
940,15.688,5144
941,15.705,5404
942,15.721,6252
943,15.738,6854
944,15.754,6874
945,15.771,7749
946,15.788,7957
947,15.804,7815
948,15.821,9383
949,15.838,8712
950,15.854,8253
951,15.871,8606
952,15.888,8934
953,15.904,7495
954,15.921,7276
955,15.937,8029
956,15.954,7431
957,15.971,7313
958,15.987,6887
959,16.004,6417
960,16.021,6297
961,16.037,6028
962,16.054,6298
963,16.071,6121
964,16.087,5903
965,16.104,5672
966,16.12,10259
967,16.137,15243
968,16.154,24077
969,16.17,41557
970,16.187,55609
971,16.204,79522
972,16.22,105552
973,16.237,129334
974,16.253,152314
975,16.27,178514
976,16.287,195731
977,16.303,211152
978,16.32,226170
979,16.337,226920
980,16.353,243792
981,16.37,256905
982,16.387,264905
983,16.403,276859
984,16.42,290376
985,16.436,300071
986,16.453,308481
987,16.47,302300
988,16.486,321641
989,16.503,315518
990,16.52,308692
991,16.536,301855
992,16.553,308130
993,16.57,283257
994,16.586,258014
995,16.603,234913
996,16.619,206920
997,16.636,173966
998,16.653,146965
999,16.669,112400
1000,16.686,92324
1001,16.703,71047
1002,16.719,52350
1003,16.736,45107
1004,16.752,34904
1005,16.769,29667
1006,16.786,25894
1007,16.802,19800
1008,16.819,16071
1009,16.836,17219
1010,16.852,13408
1011,16.869,12848
1012,16.886,15023
1013,16.902,12590
1014,16.919,10656
1015,16.935,11779
1016,16.952,9141
1017,16.969,9442
1018,16.985,9283
1019,17.002,7368
1020,17.019,8376
1021,17.035,6254
1022,17.052,6346
1023,17.069,5873
1024,17.085,5304
1025,17.102,5728
1026,17.118,5277
1027,17.135,5396
1028,17.152,5490
1029,17.168,5272
1030,17.185,5496
1031,17.202,5822
1032,17.218,6794
1033,17.235,6162
1034,17.251,6811
1035,17.268,6627
1036,17.285,7749
1037,17.301,5594
1038,17.318,7327
1039,17.335,7930
1040,17.351,7734
1041,17.368,7299
1042,17.385,6680
1043,17.401,7466
1044,17.418,7141
1045,17.434,7825
1046,17.451,5918
1047,17.468,6667
1048,17.484,9555
1049,17.501,5989
1050,17.518,7797
1051,17.534,10446
1052,17.551,17382
1053,17.568,22579
1054,17.584,32230
1055,17.601,42811
1056,17.617,49390
1057,17.634,53870
1058,17.651,69170
1059,17.667,72402
1060,17.684,81605
1061,17.701,87558
1062,17.717,90768
1063,17.734,87339
1064,17.75,90180
1065,17.767,90828
1066,17.784,92017
1067,17.8,99651
1068,17.817,100337
1069,17.834,88741
1070,17.85,95151
1071,17.867,88532
1072,17.884,89994
1073,17.9,88575
1074,17.917,94389
1075,17.933,92702
1076,17.95,82909
1077,17.967,85990
1078,17.983,82553
1079,18,84032
1080,18.017,71890
1081,18.033,72516
1082,18.05,67483
1083,18.067,72779
1084,18.083,71207
1085,18.1,61680
1086,18.116,57316
1087,18.133,44271
1088,18.15,44692
1089,18.166,34875
1090,18.183,31142
1091,18.2,25093
1092,18.216,20279
1093,18.233,17970
1094,18.249,12184
1095,18.266,11444
1096,18.283,9273
1097,18.299,7672
1098,18.316,7653
1099,18.333,7269
1100,18.349,5939
1101,18.366,5234
1102,18.383,4799
1103,18.399,4047
1104,18.416,4285
1105,18.432,4356
1106,18.449,3551
1107,18.466,4270
1108,18.482,4461
1109,18.499,4059
1110,18.516,3913
1111,18.532,2774
1112,18.549,4419
1113,18.566,3033
1114,18.582,2590
1115,18.599,3214
1116,18.615,3317
1117,18.632,2719
1118,18.649,2947
1119,18.665,2896
1120,18.682,2470
1121,18.699,3170
1122,18.715,2696
1123,18.732,3293
1124,18.748,2625
1125,18.765,2598
1126,18.782,1878
1127,18.798,2121
1128,18.815,2597
1129,18.832,2453
1130,18.848,3043
1131,18.865,2258
1132,18.882,2176
1133,18.898,2268
1134,18.915,2691
1135,18.931,2301
1136,18.948,2362
1137,18.965,1921
1138,18.981,1705
1139,18.998,1993
1140,19.015,1771
1141,19.031,2246
1142,19.048,1882
1143,19.065,1643
1144,19.081,1566
1145,19.098,2500
1146,19.114,1766
1147,19.131,1916
1148,19.148,2910
1149,19.164,2928
1150,19.181,3535
1151,19.198,4679
1152,19.214,5182
1153,19.231,8348
1154,19.247,11074
1155,19.264,14294
1156,19.281,20266
1157,19.297,23237
1158,19.314,29908
1159,19.331,33666
1160,19.347,38164
1161,19.364,40118
1162,19.381,42695
1163,19.397,42633
1164,19.414,47131
1165,19.43,45613
1166,19.447,45466
1167,19.464,53186
1168,19.48,50493
1169,19.497,46317
1170,19.514,48744
1171,19.53,50324
1172,19.547,51944
1173,19.564,44942
1174,19.58,42953
1175,19.597,49233
1176,19.613,44648
1177,19.63,42594
1178,19.647,44273
1179,19.663,40051
1180,19.68,41293
1181,19.697,40492
1182,19.713,39193
1183,19.73,37919
1184,19.746,36179
1185,19.763,35388
1186,19.78,33300
1187,19.796,32285
1188,19.813,30330
1189,19.83,27515
1190,19.846,25205
1191,19.863,25209
1192,19.88,22599
1193,19.896,21992
1194,19.913,21456
1195,19.929,15758
1196,19.946,17622
1197,19.963,15787
1198,19.979,16263
1199,19.996,13538
1200,20.013,13396
1201,20.029,11207
1202,20.046,10035
1203,20.063,10727
1204,20.079,9607
1205,20.096,8468
1206,20.112,9225
1207,20.129,7637
1208,20.146,7220
1209,20.162,8248
1210,20.179,7825
1211,20.196,5746
1212,20.212,5687
1213,20.229,5944
1214,20.245,5484
1215,20.262,5156
1216,20.279,5887
1217,20.295,5739
1218,20.312,5023
1219,20.329,5037
1220,20.345,3891
1221,20.362,3769
1222,20.379,3754
1223,20.395,4100
1224,20.412,3961
1225,20.428,4223
1226,20.445,4408
1227,20.462,3230
1228,20.478,3804
1229,20.495,3592
1230,20.512,4196
1231,20.528,3676
1232,20.545,3231
1233,20.562,3288
1234,20.578,4012
1235,20.595,3465
1236,20.611,3991
1237,20.628,3255
1238,20.645,2984
1239,20.661,3207
1240,20.678,2876
1241,20.695,2842
1242,20.711,2143
1243,20.728,3869
1244,20.744,2350
1245,20.761,2281
1246,20.778,2301
1247,20.794,2467
1248,20.811,2407
1249,20.828,1912
1250,20.844,2242
1251,20.861,2335
1252,20.878,1831
1253,20.894,1892
1254,20.911,2827
1255,20.927,2582
1256,20.944,2705
1257,20.961,2511
1258,20.977,2386
1259,20.994,1955
1260,21.011,2164
1261,21.027,1723
1262,21.044,2248
1263,21.061,2006
1264,21.077,1823
1265,21.094,1870
1266,21.11,2084
1267,21.127,1918
1268,21.144,1737
1269,21.16,1613
1270,21.177,1760
1271,21.194,1869
1272,21.21,1581
1273,21.227,1916
1274,21.243,1463
1275,21.26,2052
1276,21.277,1969
1277,21.293,1788
1278,21.31,1561
1279,21.327,1879
1280,21.343,1943
1281,21.36,1699
1282,21.377,1560
1283,21.393,1711
1284,21.41,1579
1285,21.426,1788
1286,21.443,1883
1287,21.46,1501
1288,21.476,1576
1289,21.493,1732
1290,21.51,1841
1291,21.526,1428
1292,21.543,1507
1293,21.56,1462
1294,21.576,1533
1295,21.593,1466
1296,21.609,1256
1297,21.626,1454
1298,21.643,1598
1299,21.659,1482
1300,21.676,1565
1301,21.693,1475
1302,21.709,2070
1303,21.726,1146
1304,21.742,1294
1305,21.759,1977
1306,21.776,1828
1307,21.792,1388
1308,21.809,1601
1309,21.826,1750
1310,21.842,1459
1311,21.859,1216
1312,21.876,1671
1313,21.892,1026
1314,21.909,1773
1315,21.925,1677
1316,21.942,1588
1317,21.959,1679
1318,21.975,1473
1319,21.992,1161
1320,22.009,1565
1321,22.025,1563
1322,22.042,1668
1323,22.059,1522
1324,22.075,1865
1325,22.092,1229
1326,22.108,2012
1327,22.125,1582
1328,22.142,1101
1329,22.158,1386
1330,22.175,1332
1331,22.192,1296
1332,22.208,1382
1333,22.225,1413
1334,22.241,1282
1335,22.258,1044
1336,22.275,1157
1337,22.291,1621
1338,22.308,1289
1339,22.325,1161
1340,22.341,1197
1341,22.358,1474
1342,22.375,1134
1343,22.391,1371
1344,22.408,1832
1345,22.424,1093
1346,22.441,1023
1347,22.458,1087
1348,22.474,1217
1349,22.491,1201
1350,22.508,1292
1351,22.524,1335
1352,22.541,1448
1353,22.558,1563
1354,22.574,1667
1355,22.591,1093
1356,22.607,1166
1357,22.624,1104
1358,22.641,1123
1359,22.657,1193
1360,22.674,941
1361,22.691,1197
1362,22.707,873
1363,22.724,1260
1364,22.74,1163
1365,22.757,1175
1366,22.774,941
1367,22.79,1071
1368,22.807,1282
1369,22.824,1087
1370,22.84,1106
1371,22.857,1106
1372,22.874,1122
1373,22.89,1087
1374,22.907,1208
1375,22.923,1094
1376,22.94,1048
1377,22.957,1413
1378,22.973,1900
1379,22.99,1042
1380,23.007,922
1381,23.023,1256
1382,23.04,970
1383,23.057,1225
1384,23.073,1326
1385,23.09,1044
1386,23.106,1037
1387,23.123,1134
1388,23.14,1095
1389,23.156,1351
1390,23.173,1269
1391,23.19,1315
1392,23.206,1599
1393,23.223,1184
1394,23.239,1279
1395,23.256,1240
1396,23.273,1275
1397,23.289,1142
1398,23.306,1279
1399,23.323,1131
1400,23.339,1170
1401,23.356,1320
1402,23.373,1558
1403,23.389,1485
1404,23.406,1203
1405,23.422,1585
1406,23.439,1289
1407,23.456,1610
1408,23.472,1253
1409,23.489,1308
1410,23.506,1645
1411,23.522,1478
1412,23.539,1771
1413,23.556,2350
1414,23.572,1575
1415,23.589,1635
1416,23.605,1803
1417,23.622,2075
1418,23.639,1281
1419,23.655,1910
1420,23.672,1794
1421,23.689,1827
1422,23.705,1409
1423,23.722,1798
1424,23.738,1568
1425,23.755,2275
1426,23.772,1533
1427,23.788,1687
1428,23.805,1791
1429,23.822,1973
1430,23.838,1658
1431,23.855,1647
1432,23.872,1961
1433,23.888,1375
1434,23.905,1670
1435,23.921,1347
1436,23.938,1723
1437,23.955,1685
1438,23.971,1761
1439,23.988,1416
1440,24.005,1794
1441,24.021,1265
1442,24.038,972
1443,24.055,1671
1444,24.071,1290
1445,24.088,1574
1446,24.104,1040
1447,24.121,1208
1448,24.138,933
1449,24.154,1135
1450,24.171,978
1451,24.188,1256
1452,24.204,902
1453,24.221,1071
1454,24.237,1185
1455,24.254,1034
1456,24.271,965
1457,24.287,1341
1458,24.304,849
1459,24.321,1094
1460,24.337,895
1461,24.354,1261
1462,24.371,1531
1463,24.387,1160
1464,24.404,1534
1465,24.42,1302
1466,24.437,1333
1467,24.454,1128
1468,24.47,1275
1469,24.487,894
1470,24.504,1085
1471,24.52,1541
1472,24.537,877
1473,24.554,1184
1474,24.57,986
1475,24.587,1247
1476,24.603,1080
1477,24.62,1375
1478,24.637,1132
1479,24.653,1362
1480,24.67,1104
1481,24.687,1194
1482,24.703,1231
1483,24.72,1637
1484,24.736,1303
1485,24.753,1310
1486,24.77,1314
1487,24.786,1699
1488,24.803,1423
1489,24.82,1236
1490,24.836,1169
1491,24.853,1309
1492,24.87,1232
1493,24.886,1424
1494,24.903,1514
1495,24.919,1317
1496,24.936,1367
1497,24.953,1383
1498,24.969,1689
1499,24.986,1719
1500,25.003,1556
1501,25.019,1234
1502,25.036,1559
1503,25.052,1356
1504,25.069,1379
1505,25.086,1594
1506,25.102,1277
1507,25.119,1952
1508,25.136,1186
1509,25.152,1278
1510,25.169,1270
1511,25.186,978
1512,25.202,1141
1513,25.219,1283
1514,25.235,1557
1515,25.252,890
1516,25.269,1275
1517,25.285,1307
1518,25.302,1070
1519,25.319,1082
1520,25.335,1240
1521,25.352,1098
1522,25.369,800
1523,25.385,1014
1524,25.402,1019
1525,25.418,1026
1526,25.435,898
1527,25.452,1087
1528,25.468,1076
1529,25.485,1086
1530,25.502,985
1531,25.518,907
1532,25.535,1140
1533,25.551,788
1534,25.568,917
1535,25.585,872
1536,25.601,845
1537,25.618,813
1538,25.635,822
1539,25.651,1138
1540,25.668,939
1541,25.685,871
1542,25.701,797
1543,25.718,828
1544,25.734,1112
1545,25.751,1050
1546,25.768,1020
1547,25.784,753
1548,25.801,978
1549,25.818,1090
1550,25.834,748
1551,25.851,880
1552,25.868,1235
1553,25.884,811
1554,25.901,903
1555,25.917,1020
1556,25.934,735
1557,25.951,1067
1558,25.967,1274
1559,25.984,1126
1560,26.001,958
1561,26.017,1025
1562,26.034,777
1563,26.05,1064
1564,26.067,1139
1565,26.084,845
1566,26.1,1135
1567,26.117,1369
1568,26.134,1055
1569,26.15,1070
1570,26.167,854
1571,26.184,1319
1572,26.2,1042
1573,26.217,862
1574,26.233,1723
1575,26.25,1450
1576,26.267,950
1577,26.283,1145
1578,26.3,1030
1579,26.317,1127
1580,26.333,932
1581,26.35,1083
1582,26.367,1152
1583,26.383,1185
1584,26.4,1094
1585,26.416,1489
1586,26.433,949
1587,26.45,1134
1588,26.466,1159
1589,26.483,861
1590,26.5,1063
1591,26.516,1212
1592,26.533,1067
1593,26.549,941
1594,26.566,940
1595,26.583,1174
1596,26.599,1023
1597,26.616,713
1598,26.633,800
1599,26.649,859
1600,26.666,819
1601,26.683,980
1602,26.699,887
1603,26.716,839
1604,26.732,905
1605,26.749,682
1606,26.766,1036
1607,26.782,886
1608,26.799,803
1609,26.816,714
1610,26.832,918
1611,26.849,927
1612,26.866,752
1613,26.882,710
1614,26.899,1260
1615,26.915,753
1616,26.932,689
1617,26.949,809
1618,26.965,903
1619,26.982,621
1620,26.999,761
1621,27.015,1042
1622,27.032,1001
1623,27.048,814
1624,27.065,929
1625,27.082,823
1626,27.098,995
1627,27.115,921
1628,27.132,730
1629,27.148,900
1630,27.165,880
1631,27.182,1037
1632,27.198,995
1633,27.215,860
1634,27.231,937
1635,27.248,738
1636,27.265,773
1637,27.281,754
1638,27.298,856
1639,27.315,608
1640,27.331,1183
1641,27.348,771
1642,27.365,1185
1643,27.381,739
1644,27.398,710
1645,27.414,878
1646,27.431,771
1647,27.448,855
1648,27.464,962
1649,27.481,965
1650,27.498,848
1651,27.514,747
1652,27.531,1099
1653,27.547,1284
1654,27.564,765
1655,27.581,800
1656,27.597,843
1657,27.614,702
1658,27.631,842
1659,27.647,761
1660,27.664,944
1661,27.681,1079
1662,27.697,989
1663,27.714,1009
1664,27.731,1179
1665,27.747,868
1666,27.764,1205
1667,27.78,916
1668,27.797,759
1669,27.814,1024
1670,27.83,832
1671,27.847,747
1672,27.864,731
1673,27.88,811
1674,27.897,961
1675,27.913,987
1676,27.93,808
1677,27.947,804
1678,27.963,1069
1679,27.98,765
1680,27.997,1017
1681,28.013,756
1682,28.03,1078
1683,28.047,893
1684,28.063,599
1685,28.08,1117
1686,28.096,747
1687,28.113,1182
1688,28.13,852
1689,28.146,813
1690,28.163,865
1691,28.18,648
1692,28.196,1219
1693,28.213,816
1694,28.23,834
1695,28.246,838
1696,28.263,623
1697,28.279,930
1698,28.296,947
1699,28.313,765
1700,28.329,1036
1701,28.346,773
1702,28.363,792
1703,28.379,807
1704,28.396,783
1705,28.412,702
1706,28.429,727
1707,28.446,777
1708,28.462,795
1709,28.479,734
1710,28.496,650
1711,28.512,792
1712,28.529,737
1713,28.546,948
1714,28.562,677
1715,28.579,1215
1716,28.595,1050
1717,28.612,1039
1718,28.629,998
1719,28.645,640
1720,28.662,756
1721,28.679,792
1722,28.695,707
1723,28.712,848
1724,28.729,867
1725,28.745,852
1726,28.762,781
1727,28.778,772
1728,28.795,773
1729,28.812,792
1730,28.828,834
1731,28.845,714
1732,28.862,760
1733,28.878,757
1734,28.895,828
1735,28.911,829
1736,28.928,722
1737,28.945,885
1738,28.961,854
1739,28.978,775
1740,28.995,798
1741,29.011,724
1742,29.028,768
1743,29.045,697
1744,29.061,651
1745,29.078,965
1746,29.094,1053
1747,29.111,1140
1748,29.128,847
1749,29.144,730
1750,29.161,719
1751,29.178,767
1752,29.194,874
1753,29.211,985
1754,29.228,1028
1755,29.244,892
1756,29.261,765
1757,29.277,720
1758,29.294,777
1759,29.311,831
1760,29.327,979
1761,29.344,853
1762,29.361,803
1763,29.377,687
1764,29.394,810
1765,29.41,717
1766,29.427,750
1767,29.444,754
1768,29.46,736
1769,29.477,752
1770,29.494,1036
1771,29.51,981
1772,29.527,1300
1773,29.544,974
1774,29.56,1021
1775,29.577,1049
1776,29.593,906
1777,29.61,805
1778,29.627,1044
1779,29.643,891
1780,29.66,830
1781,29.677,960
1782,29.693,815
1783,29.71,778
1784,29.727,789
1785,29.743,867
1786,29.76,688
1787,29.776,783
1788,29.793,804
1789,29.81,899
1790,29.826,734
1791,29.843,1195
1792,29.86,1429
1793,29.876,783
1794,29.893,910
1795,29.909,1037
1796,29.926,1048
1797,29.943,909
1798,29.959,865
1799,29.976,1207
1800,29.993,873
1801,30.009,952
1802,30.026,1051
1803,30.043,1257
1804,30.059,939
1805,30.076,914
1806,30.092,1192
1807,30.109,851
1808,30.126,950
1809,30.142,881
1810,30.159,903
1811,30.176,772
1812,30.192,941
1813,30.209,969
1814,30.226,872
1815,30.242,878
1816,30.259,826
1817,30.275,727
1818,30.292,867
1819,30.309,1329
1820,30.325,764
1821,30.342,822
1822,30.359,688
1823,30.375,846
1824,30.392,925
1825,30.408,824
1826,30.425,1199
1827,30.442,901
1828,30.458,949
1829,30.475,829
1830,30.492,860
1831,30.508,1062
1832,30.525,943
1833,30.542,750
1834,30.558,556
1835,30.575,728
1836,30.591,914
1837,30.608,1016
1838,30.625,1148
1839,30.641,724
1840,30.658,801
1841,30.675,732
1842,30.691,720
1843,30.708,703
1844,30.725,1265
1845,30.741,984
1846,30.758,725
1847,30.774,790
1848,30.791,847
1849,30.808,914
1850,30.824,753
1851,30.841,948
1852,30.858,759
1853,30.874,883
1854,30.891,679
1855,30.907,871
1856,30.924,876
1857,30.941,972
1858,30.957,700
1859,30.974,708
1860,30.991,900
1861,31.007,747
1862,31.024,840
1863,31.041,768
1864,31.057,1119
1865,31.074,953
1866,31.09,781
1867,31.107,864
1868,31.124,862
1869,31.14,1022
1870,31.157,1108
1871,31.174,541
1872,31.19,797
1873,31.207,739
1874,31.224,768
1875,31.24,752
1876,31.257,648
1877,31.273,818
1878,31.29,685
1879,31.307,987
1880,31.323,765
1881,31.34,767
1882,31.357,1215
1883,31.373,995
1884,31.39,992
1885,31.406,1483
1886,31.423,771
1887,31.44,634
1888,31.456,810
1889,31.473,1298
1890,31.49,808
1891,31.506,874
1892,31.523,811
1893,31.54,932
1894,31.556,849
1895,31.573,797
1896,31.589,806
1897,31.606,927
1898,31.623,989
1899,31.639,984
1900,31.656,839
1901,31.673,660
1902,31.689,1170
1903,31.706,855
1904,31.723,898
1905,31.739,879
1906,31.756,1552
1907,31.772,800
1908,31.789,886
1909,31.806,830
1910,31.822,1101
1911,31.839,735
1912,31.856,801
1913,31.872,655
1914,31.889,910
1915,31.905,852
1916,31.922,743
1917,31.939,938
1918,31.955,985
1919,31.972,653
1920,31.989,844
1921,32.005,684
1922,32.022,1044
1923,32.039,769
1924,32.055,828
1925,32.072,891
1926,32.088,719
1927,32.105,831
1928,32.122,1017
1929,32.138,976
1930,32.155,876
1931,32.172,747
1932,32.188,896
1933,32.205,975
1934,32.222,775
1935,32.238,765
1936,32.255,764
1937,32.271,1109
1938,32.288,1083
1939,32.305,647
1940,32.321,1236
1941,32.338,1412
1942,32.355,1000
1943,32.371,889
1944,32.388,1254
1945,32.404,1259
1946,32.421,823
1947,32.438,972
1948,32.454,1200
1949,32.471,884
1950,32.488,844
1951,32.504,1017
1952,32.521,813
1953,32.538,833
1954,32.554,1028
1955,32.571,990
1956,32.587,721
1957,32.604,648
1958,32.621,1097
1959,32.637,581
1960,32.654,871
1961,32.671,903
1962,32.687,653
1963,32.704,968
1964,32.721,890
1965,32.737,904
1966,32.754,687
1967,32.77,1165
1968,32.787,960
1969,32.804,905
1970,32.82,622
1971,32.837,1001
1972,32.854,688
1973,32.87,827
1974,32.887,724
1975,32.903,748
1976,32.92,784
1977,32.937,618
1978,32.953,821
1979,32.97,633
1980,32.987,1003
1981,33.003,982
1982,33.02,1099
1983,33.037,719
1984,33.053,666
1985,33.07,1127
1986,33.086,760
1987,33.103,1183
1988,33.12,651
1989,33.136,693
1990,33.153,1104
1991,33.17,742
1992,33.186,1301
1993,33.203,741
1994,33.219,798
1995,33.236,1197
1996,33.253,863
1997,33.269,867
1998,33.286,899
1999,33.303,959
2000,33.319,633
2001,33.336,845
2002,33.353,889
2003,33.369,1261
2004,33.386,687
2005,33.402,910
2006,33.419,957
2007,33.436,727
2008,33.452,1118
2009,33.469,791
2010,33.486,690
2011,33.502,616
2012,33.519,714
2013,33.536,880
2014,33.552,1059
2015,33.569,1143
2016,33.585,1017
2017,33.602,789
2018,33.619,984
2019,33.635,880
2020,33.652,803
2021,33.669,1050
2022,33.685,1037
2023,33.702,855
2024,33.718,863
2025,33.735,994
2026,33.752,908
2027,33.768,1043
2028,33.785,695
2029,33.802,745
2030,33.818,955
2031,33.835,784
2032,33.852,728
2033,33.868,814
2034,33.885,773
2035,33.901,818
2036,33.918,859
2037,33.935,808
2038,33.951,964
2039,33.968,814
2040,33.985,1039
2041,34.001,1549
2042,34.018,770
2043,34.035,776
2044,34.051,1113
2045,34.068,859
2046,34.084,1102
2047,34.101,794
2048,34.118,784
2049,34.134,911
2050,34.151,665
2051,34.168,835
2052,34.184,1043
2053,34.201,791
2054,34.217,913
2055,34.234,840
2056,34.251,546
2057,34.267,1005
2058,34.284,1067
2059,34.301,580
2060,34.317,1071
2061,34.334,1255
2062,34.351,792
2063,34.367,1008
2064,34.384,776
2065,34.4,939
2066,34.417,767
2067,34.434,718
2068,34.45,1038
2069,34.467,848
2070,34.484,961
2071,34.5,1224
2072,34.517,893
2073,34.534,648
2074,34.55,833
2075,34.567,938
2076,34.583,1008
2077,34.6,948
2078,34.617,741
2079,34.633,710
2080,34.65,672
2081,34.667,893
2082,34.683,570
2083,34.7,1007
2084,34.716,563
2085,34.733,618
2086,34.75,934
2087,34.766,892
2088,34.783,916
2089,34.8,1274
2090,34.816,613
2091,34.833,1073
2092,34.85,1075
2093,34.866,658
2094,34.883,659
2095,34.899,596
2096,34.916,1026
2097,34.933,995
2098,34.949,854
2099,34.966,755
2100,34.983,718
2101,34.999,780
2102,35.016,771
2103,35.033,780
2104,35.049,1235
2105,35.066,1265
2106,35.082,711
2107,35.099,973
2108,35.116,997
2109,35.132,771
2110,35.149,815
2111,35.166,1027
2112,35.182,898
2113,35.199,803
2114,35.215,831
2115,35.232,949
2116,35.249,734
2117,35.265,914
2118,35.282,728
2119,35.299,910
2120,35.315,1162
2121,35.332,892
2122,35.349,904
2123,35.365,848
2124,35.382,922
2125,35.398,650
2126,35.415,644
2127,35.432,1142
2128,35.448,598
2129,35.465,741
2130,35.482,1099
2131,35.498,732
2132,35.515,774
2133,35.532,945
2134,35.548,1254
2135,35.565,621
2136,35.581,778
2137,35.598,823
2138,35.615,1111
2139,35.631,831
2140,35.648,965
2141,35.665,1050
2142,35.681,829
2143,35.698,823
2144,35.715,792
2145,35.731,1013
2146,35.748,873
2147,35.764,1173
2148,35.781,857
2149,35.798,982
2150,35.814,789
2151,35.831,821
2152,35.848,892
2153,35.864,592
2154,35.881,1049
2155,35.897,644
2156,35.914,1834
2157,35.931,742
2158,35.947,782
2159,35.964,871
2160,35.981,965
2161,35.997,884
2162,36.014,941
2163,36.031,920
2164,36.047,804
2165,36.064,660
2166,36.08,1102
2167,36.097,1350
2168,36.114,685
2169,36.13,1050
2170,36.147,553
2171,36.164,1059
2172,36.18,1032
2173,36.197,783
2174,36.214,1280
2175,36.23,707
2176,36.247,1058
2177,36.263,875
2178,36.28,973
2179,36.297,968
2180,36.313,1007
2181,36.33,984
2182,36.347,1084
2183,36.363,1260
2184,36.38,973
2185,36.396,944
2186,36.413,1026
2187,36.43,1095
2188,36.446,738
2189,36.463,645
2190,36.48,914
2191,36.496,1033
2192,36.513,981
2193,36.53,748
2194,36.546,1251
2195,36.563,1034
2196,36.579,1114
2197,36.596,828
2198,36.613,970
2199,36.629,783
2200,36.646,1043
2201,36.663,838
2202,36.679,794
2203,36.696,760
2204,36.713,1134
2205,36.729,1239
2206,36.746,1099
2207,36.762,931
2208,36.779,715
2209,36.796,1291
2210,36.812,1094
2211,36.829,763
2212,36.846,894
2213,36.862,1079
2214,36.879,728
2215,36.895,750
2216,36.912,727
2217,36.929,920
2218,36.945,872
2219,36.962,1497
2220,36.979,1017
2221,36.995,1454
2222,37.012,722
2223,37.029,781
2224,37.045,945
2225,37.062,1072
2226,37.078,962
2227,37.095,1061
2228,37.112,986
2229,37.128,949
2230,37.145,844
2231,37.162,725
2232,37.178,1249
2233,37.195,542
2234,37.212,862
2235,37.228,880
2236,37.245,590
2237,37.261,596
2238,37.278,750
2239,37.295,1199
2240,37.311,760
2241,37.328,893
2242,37.345,751
2243,37.361,924
2244,37.378,1309
2245,37.394,1250
2246,37.411,925
2247,37.428,1528
2248,37.444,845
2249,37.461,1165
2250,37.478,795
2251,37.494,1015
2252,37.511,865
2253,37.528,787
2254,37.544,777
2255,37.561,1134
2256,37.577,1069
2257,37.594,836
2258,37.611,949
2259,37.627,1064
2260,37.644,1167
2261,37.661,900
2262,37.677,639
2263,37.694,732
2264,37.711,728
2265,37.727,855
2266,37.744,1041
2267,37.76,821
2268,37.777,788
2269,37.794,1317
2270,37.81,938
2271,37.827,811
2272,37.844,953
2273,37.86,692
2274,37.877,1353
2275,37.893,863
2276,37.91,1017
2277,37.927,921
2278,37.943,1113
2279,37.96,824
2280,37.977,668
2281,37.993,1069
2282,38.01,1057
2283,38.027,910
2284,38.043,1008
2285,38.06,816
2286,38.076,990
2287,38.093,652
2288,38.11,874
2289,38.126,1066
2290,38.143,841
2291,38.16,808
2292,38.176,751
2293,38.193,960
2294,38.21,834
2295,38.226,871
2296,38.243,922
2297,38.259,1061
2298,38.276,905
2299,38.293,840
2300,38.309,1440
2301,38.326,793
2302,38.343,728
2303,38.359,788
2304,38.376,678
2305,38.392,800
2306,38.409,1166
2307,38.426,937
2308,38.442,996
2309,38.459,1186
2310,38.476,967
2311,38.492,806
2312,38.509,995
2313,38.526,704
2314,38.542,1012
2315,38.559,759
2316,38.575,650
2317,38.592,848
2318,38.609,1181
2319,38.625,951
2320,38.642,995
2321,38.659,893
2322,38.675,877
2323,38.692,1137
2324,38.709,1010
2325,38.725,994
2326,38.742,671
2327,38.758,536
2328,38.775,738
2329,38.792,900
2330,38.808,583
2331,38.825,1343
2332,38.842,1360
2333,38.858,823
2334,38.875,814
2335,38.891,1308
2336,38.908,802
2337,38.925,972
2338,38.941,951
2339,38.958,814
2340,38.975,805
2341,38.991,786
2342,39.008,1250
2343,39.025,890
2344,39.041,929
2345,39.058,658
2346,39.074,559
2347,39.091,751
2348,39.108,858
2349,39.124,923
2350,39.141,913
2351,39.158,960
2352,39.174,948
2353,39.191,980
2354,39.208,1655
2355,39.224,1104
2356,39.241,1175
2357,39.257,730
2358,39.274,733
2359,39.291,973
2360,39.307,977
2361,39.324,828
2362,39.341,578
2363,39.357,1222
2364,39.374,1363
2365,39.39,855
2366,39.407,1077
2367,39.424,764
2368,39.44,640
2369,39.457,1031
2370,39.474,996
2371,39.49,785
2372,39.507,662
2373,39.524,1091
2374,39.54,1042
2375,39.557,832
2376,39.573,1083
2377,39.59,944
2378,39.607,765
2379,39.623,766
2380,39.64,804
2381,39.657,1128
2382,39.673,668
2383,39.69,842
2384,39.707,1028
2385,39.723,778
2386,39.74,893
2387,39.756,809
2388,39.773,931
2389,39.79,970
2390,39.806,979
2391,39.823,1218
2392,39.84,884
2393,39.856,794
2394,39.873,805
2395,39.889,1015
2396,39.906,712
2397,39.923,946
2398,39.939,686
2399,39.956,929
2400,39.973,1311
2401,39.989,824
2402,40.006,792
2403,40.023,790
2404,40.039,894
2405,40.056,801
2406,40.072,832
2407,40.089,878
2408,40.106,965
2409,40.122,894
2410,40.139,871
2411,40.156,858
2412,40.172,786
2413,40.189,591
2414,40.206,1638
2415,40.222,765
2416,40.239,1053
2417,40.255,922
2418,40.272,1151
2419,40.289,1019
2420,40.305,888
2421,40.322,899
2422,40.339,630
2423,40.355,810
2424,40.372,911
2425,40.388,743
2426,40.405,1229
2427,40.422,1129
2428,40.438,939
2429,40.455,1184
2430,40.472,1149
2431,40.488,767
2432,40.505,996
2433,40.522,750
2434,40.538,912
2435,40.555,866
2436,40.571,960
2437,40.588,897
2438,40.605,851
2439,40.621,529
2440,40.638,1099
2441,40.655,831
2442,40.671,815
2443,40.688,775
2444,40.705,985
2445,40.721,798
2446,40.738,1899
2447,40.754,869
2448,40.771,928
2449,40.788,1205
2450,40.804,854
2451,40.821,952
2452,40.838,837
2453,40.854,1055
2454,40.871,794
2455,40.887,1028
2456,40.904,1095
2457,40.921,759
2458,40.937,1192
2459,40.954,949
2460,40.971,922
2461,40.987,870
2462,41.004,910
2463,41.021,823
2464,41.037,709
2465,41.054,794
2466,41.07,787
2467,41.087,1204
2468,41.104,1139
2469,41.12,1052
2470,41.137,967
2471,41.154,1070
2472,41.17,664
2473,41.187,812
2474,41.204,1235
2475,41.22,1383
2476,41.237,802
2477,41.253,1223
2478,41.27,704
2479,41.287,783
2480,41.303,1047
2481,41.32,1012
2482,41.337,1060
2483,41.353,928
2484,41.37,965
2485,41.386,1062
2486,41.403,693
2487,41.42,828
2488,41.436,974
2489,41.453,803
2490,41.47,1017
2491,41.486,848
2492,41.503,849
2493,41.52,836
2494,41.536,1034
2495,41.553,598
2496,41.569,1028
2497,41.586,1015
2498,41.603,1258
2499,41.619,856
2500,41.636,904
2501,41.653,819
2502,41.669,986
2503,41.686,1632
2504,41.702,691
2505,41.719,626
2506,41.736,762
2507,41.752,1424
2508,41.769,1020
2509,41.786,1122
2510,41.802,847
2511,41.819,951
2512,41.836,1254
2513,41.852,1149
2514,41.869,874
2515,41.885,794
2516,41.902,563
2517,41.919,1287
2518,41.935,1070
2519,41.952,857
2520,41.969,1089
2521,41.985,1255
2522,42.002,738
2523,42.019,1245
2524,42.035,1002
2525,42.052,1094
2526,42.068,1102
2527,42.085,775
2528,42.102,1150
2529,42.118,735
2530,42.135,1037
2531,42.152,1056
2532,42.168,1157
2533,42.185,898
2534,42.201,871
2535,42.218,864
2536,42.235,775
2537,42.251,1054
2538,42.268,801
2539,42.285,626
2540,42.301,897
2541,42.318,1136
2542,42.335,740
2543,42.351,1003
2544,42.368,1066
2545,42.384,1245
2546,42.401,1036
2547,42.418,1490
2548,42.434,950
2549,42.451,964
2550,42.468,921
2551,42.484,853
2552,42.501,872
2553,42.518,1403
2554,42.534,1181
2555,42.551,886
2556,42.567,965
2557,42.584,805
2558,42.601,1006
2559,42.617,807
2560,42.634,851
2561,42.651,941
2562,42.667,1152
2563,42.684,1036
2564,42.7,922
2565,42.717,1035
2566,42.734,907
2567,42.75,1125
2568,42.767,905
2569,42.784,1179
2570,42.8,1042
2571,42.817,662
2572,42.834,1312
2573,42.85,892
2574,42.867,1109
2575,42.883,985
2576,42.9,1446
2577,42.917,993
2578,42.933,1058
2579,42.95,1052
2580,42.967,1080
2581,42.983,1253
2582,43,907
2583,43.017,1164
2584,43.033,1094
2585,43.05,1163
2586,43.066,844
2587,43.083,872
2588,43.1,1009
2589,43.116,1368
2590,43.133,885
2591,43.15,726
2592,43.166,1141
2593,43.183,889
2594,43.199,810
2595,43.216,815
2596,43.233,982
2597,43.249,988
2598,43.266,904
2599,43.283,1450
2600,43.299,808
2601,43.316,1219
2602,43.333,720
2603,43.349,1213
2604,43.366,1384
2605,43.382,1328
2606,43.399,1283
2607,43.416,643
2608,43.432,1099
2609,43.449,814
2610,43.466,845
2611,43.482,1512
2612,43.499,1277
2613,43.516,1536
2614,43.532,810
2615,43.549,1070
2616,43.565,878
2617,43.582,938
2618,43.599,1287
2619,43.615,955
2620,43.632,955
2621,43.649,1137
2622,43.665,911
2623,43.682,751
2624,43.698,1546
2625,43.715,893
2626,43.732,1456
2627,43.748,752
2628,43.765,980
2629,43.782,1104
2630,43.798,1098
2631,43.815,757
2632,43.832,847
2633,43.848,891
2634,43.865,1161
2635,43.881,703
2636,43.898,1575
2637,43.915,776
2638,43.931,966
2639,43.948,1088
2640,43.965,1206
2641,43.981,622
2642,43.998,1015
2643,44.015,1101
2644,44.031,828
2645,44.048,1098
2646,44.064,1017
2647,44.081,981
2648,44.098,920
2649,44.114,1026
2650,44.131,832
2651,44.148,1074
2652,44.164,1748
2653,44.181,1362
2654,44.197,1078
2655,44.214,878
2656,44.231,1099
2657,44.247,1175
2658,44.264,1147
2659,44.281,1281
2660,44.297,1227
2661,44.314,999
2662,44.331,1039
2663,44.347,987
2664,44.364,1298
2665,44.38,1223
2666,44.397,1490
2667,44.414,1078
2668,44.43,924
2669,44.447,1066
2670,44.464,798
2671,44.48,992
2672,44.497,881
2673,44.514,1237
2674,44.53,938
2675,44.547,1441
2676,44.563,919
2677,44.58,700
2678,44.597,1112
2679,44.613,1535
2680,44.63,1269
2681,44.647,1485
2682,44.663,1264
2683,44.68,1070
2684,44.696,1656
2685,44.713,1159
2686,44.73,1127
2687,44.746,1584
2688,44.763,1046
2689,44.78,920
2690,44.796,1347
2691,44.813,1419
2692,44.83,1126
2693,44.846,1122
2694,44.863,1812
2695,44.879,1144
2696,44.896,1453
2697,44.913,990
2698,44.929,1740
2699,44.946,1251
2700,44.963,1121
2701,44.979,1132
2702,44.996,1052
2703,45.013,754
2704,45.029,1114
2705,45.046,1065
2706,45.062,919
2707,45.079,1263
2708,45.096,781
2709,45.112,1076
2710,45.129,1022
2711,45.146,1061
2712,45.162,1613
2713,45.179,1539
2714,45.195,1524
2715,45.212,1360
2716,45.229,1408
2717,45.245,1197
2718,45.262,1085
2719,45.279,1989
2720,45.295,1420
2721,45.312,1031
2722,45.329,1354
2723,45.345,1078
2724,45.362,1737
2725,45.378,1032
2726,45.395,1109
2727,45.412,1257
2728,45.428,991
2729,45.445,970
2730,45.462,1158
2731,45.478,676
2732,45.495,1344
2733,45.512,995
2734,45.528,1703
2735,45.545,1135
2736,45.561,1069
2737,45.578,859
2738,45.595,952
2739,45.611,1313
2740,45.628,794
2741,45.645,1448
2742,45.661,1905
2743,45.678,1373
2744,45.694,1630
2745,45.711,1082
2746,45.728,1311
2747,45.744,1248
2748,45.761,1071
2749,45.778,1205
2750,45.794,1245
2751,45.811,1178
2752,45.828,1225
2753,45.844,939
2754,45.861,1311
2755,45.877,930
2756,45.894,1231
2757,45.911,1061
2758,45.927,1620
2759,45.944,894
2760,45.961,822
2761,45.977,1079
2762,45.994,1097
2763,46.011,981
2764,46.027,1155
2765,46.044,1086
2766,46.06,867
2767,46.077,1077
2768,46.094,931
2769,46.11,1010
2770,46.127,1258
2771,46.144,724
2772,46.16,989
2773,46.177,1069
2774,46.193,1145
2775,46.21,1014
2776,46.227,1236
2777,46.243,1445
2778,46.26,1452
2779,46.277,1138
2780,46.293,883
2781,46.31,1480
2782,46.327,964
2783,46.343,872
2784,46.36,1834
2785,46.376,1476
2786,46.393,1339
2787,46.41,1134
2788,46.426,1110
2789,46.443,1164
2790,46.46,1577
2791,46.476,1310
2792,46.493,1422
2793,46.51,1181
2794,46.526,1376
2795,46.543,1077
2796,46.559,1288
2797,46.576,1177
2798,46.593,1251
2799,46.609,1420
2800,46.626,1125
2801,46.643,1475
2802,46.659,886
2803,46.676,1170
2804,46.692,1404
2805,46.709,1148
2806,46.726,1053
2807,46.742,962
2808,46.759,981
2809,46.776,755
2810,46.792,2008
2811,46.809,1377
2812,46.826,1614
2813,46.842,1192
2814,46.859,1011
2815,46.875,921
2816,46.892,1187
2817,46.909,1411
2818,46.925,1412
2819,46.942,1159
2820,46.959,1769
2821,46.975,1523
2822,46.992,1417
2823,47.009,1634
2824,47.025,1254
2825,47.042,1132
2826,47.058,1659
2827,47.075,1066
2828,47.092,1676
2829,47.108,1667
2830,47.125,1126
2831,47.142,1502
2832,47.158,1474
2833,47.175,1401
2834,47.191,1390
2835,47.208,1436
2836,47.225,994
2837,47.241,1581
2838,47.258,1497
2839,47.275,1357
2840,47.291,1291
2841,47.308,1276
2842,47.325,1563
2843,47.341,1523
2844,47.358,1156
2845,47.374,1658
2846,47.391,1345
2847,47.408,896
2848,47.424,1215
2849,47.441,1303
2850,47.458,1033
2851,47.474,1198
2852,47.491,1752
2853,47.508,1394
2854,47.524,1189
2855,47.541,1346
2856,47.557,1366
2857,47.574,1085
2858,47.591,1236
2859,47.607,1080
2860,47.624,1459
2861,47.641,1186
2862,47.657,1287
2863,47.674,1436
2864,47.69,1162
2865,47.707,1301
2866,47.724,1738
2867,47.74,1439
2868,47.757,1305
2869,47.774,1896
2870,47.79,1324
2871,47.807,1332
2872,47.824,961
2873,47.84,1165
2874,47.857,1579
2875,47.873,829
2876,47.89,1221
2877,47.907,1725
2878,47.923,1453
2879,47.94,1249
2880,47.957,1032
2881,47.973,1001
2882,47.99,1496
2883,48.007,1361
2884,48.023,1589
2885,48.04,1396
2886,48.056,2197
2887,48.073,1335
2888,48.09,1076
2889,48.106,1057
2890,48.123,1420
2891,48.14,1188
2892,48.156,1235
2893,48.173,1325
2894,48.189,1185
2895,48.206,1774
2896,48.223,1158
2897,48.239,867
2898,48.256,1288
2899,48.273,1371
2900,48.289,1822
2901,48.306,1277
2902,48.323,1464
2903,48.339,1686
2904,48.356,1381
2905,48.372,1299
2906,48.389,1366
2907,48.406,1901
2908,48.422,1806
2909,48.439,1189
2910,48.456,1435
2911,48.472,1157
2912,48.489,1138
2913,48.506,1769
2914,48.522,1459
2915,48.539,1224
2916,48.555,1414
2917,48.572,1346
2918,48.589,1238
2919,48.605,1100
2920,48.622,1619
2921,48.639,1210
2922,48.655,1655
2923,48.672,1548
2924,48.688,1315
2925,48.705,1523
2926,48.722,1077
2927,48.738,1269
2928,48.755,986
2929,48.772,1266
2930,48.788,1206
2931,48.805,1536
2932,48.822,1299
2933,48.838,1230
2934,48.855,1479
2935,48.871,1222
2936,48.888,1294
2937,48.905,1445
2938,48.921,1365
2939,48.938,1406
2940,48.955,1313
2941,48.971,981
2942,48.988,1537
2943,49.005,1840
2944,49.021,979
2945,49.038,1501
2946,49.054,1285
2947,49.071,1109
2948,49.088,1110
2949,49.104,1072
2950,49.121,1608
2951,49.138,1097
2952,49.154,1228
2953,49.171,1239
2954,49.187,1192
2955,49.204,1297
2956,49.221,1291
2957,49.237,1304
2958,49.254,1317
2959,49.271,1519
2960,49.287,1367
2961,49.304,1192
2962,49.321,1076
2963,49.337,1151
2964,49.354,1038
2965,49.37,1218
2966,49.387,1357
2967,49.404,1288
2968,49.42,1286
2969,49.437,1572
2970,49.454,1386
2971,49.47,1346
2972,49.487,1675
2973,49.504,1398
2974,49.52,1763
2975,49.537,935
2976,49.553,1253
2977,49.57,1169
2978,49.587,1118
2979,49.603,900
2980,49.62,1433
2981,49.637,1109
2982,49.653,1250
2983,49.67,1142
2984,49.686,1021
2985,49.703,1034
2986,49.72,1081
2987,49.736,1376
2988,49.753,1028
2989,49.77,1463
2990,49.786,1060
2991,49.803,1290
2992,49.82,1463
2993,49.836,1276
2994,49.853,1163
2995,49.869,1278
2996,49.886,1244
2997,49.903,2009
2998,49.919,1081
2999,49.936,1336
3000,49.953,1286
3001,49.969,1392
3002,49.986,1157
